faculty,code,title,url,raw_text
人文学部,,心理実習Ⅰ（心理実習）,https://campus-3.shinshu-u.ac.jp/syllabusj/Text?NENDO=2026&BUKYOKU=L&CODE=L1541500,"--------------------------------------------------
【授業科目】
--------------------------------------------------
心理実習Ⅰ（心理実習）
--------------------------------------------------
【英文授業名】
--------------------------------------------------
Practical Training in Psychology I
--------------------------------------------------
【担当教員】
--------------------------------------------------
今井　章
--------------------------------------------------
【副担当】
--------------------------------------------------

--------------------------------------------------
【登録コード】
--------------------------------------------------
L1541500
--------------------------------------------------
【講義期間】
--------------------------------------------------
通年(集中)
--------------------------------------------------
【曜日・時限】
--------------------------------------------------

--------------------------------------------------
【単位数】
--------------------------------------------------
1
--------------------------------------------------
【講義室】
--------------------------------------------------

--------------------------------------------------
【対象学生】
--------------------------------------------------

--------------------------------------------------
【読替科目】
--------------------------------------------------
読替科目は履修案内を確認すること
--------------------------------------------------
【信大コンピテンシー】
--------------------------------------------------
非該当
--------------------------------------------------
【授業の達成目標】
【授業で得られる「学位授与の方針」要素】
【【授業の達成目標】】
【対象学生】
--------------------------------------------------
【2022年度以前ｶﾘｷｭﾗﾑ対象】変容する社会を冷静に分析し、時流に迎合することなく価値判断できる批判力
変容する社会を冷静に分析し，時流に迎合することなく価値判断できる批判力が身につくようになる。
２０２２Ｌカリ, ２０２１Ｌカリ, ２０２０Ｌカリ
【2022年度以前ｶﾘｷｭﾗﾑ対象】異質・多様なものを理解し、寛容かつ多元的に判断することができる受容力
異質・多様なものを理解し，寛容かつ多元的に判断することができる受容力が身につくようになる。
２０２２Ｌカリ, ２０２１Ｌカリ, ２０２０Ｌカリ
【2023年度以降ｶﾘｷｭﾗﾑ対象】人文学部人文学科の学士（文学）の称号にふさわしい基礎学力と専門的学力が身についている。【思索力・受容力・批判力】
人文学部人文学科の学士（文学）の称号にふさわしい基礎学力と専門的学力が身につくようになる。
２０２６Lカリ, ２０２５Ｌカリ, ２０２４Lカリ, ２０２３Ｌカリ
【2023年度以降ｶﾘｷｭﾗﾑ対象】専門的学力を基盤とし、持続可能な社会を実現するための課題に取り組む力が身についている。【開拓力・企画発想能力】
専門的学力を基盤とし，持続可能な社会を実現するための課題に取り組む力が身につくようになる。
２０２６Lカリ, ２０２５Ｌカリ, ２０２４Lカリ, ２０２３Ｌカリ
--------------------------------------------------
【授業のねらい】
--------------------------------------------------

--------------------------------------------------
【授業の概要】
--------------------------------------------------
　本実習では，司法・犯罪分野の施設としての松本少年刑務所，および福祉分野の施設としての長野県松本あさひ学園で，見学を中心とした実習を行う。それぞれの施設を実地に訪ね，実習指導者による講義を聴講し施設内を見学する。
　なお，松本あさひ学園での実習には別途，2日間分の実習費(1日当たり3200円+昼食代)を各自で用意する必要がある。
--------------------------------------------------
【授業タイトル】
--------------------------------------------------
心理実習Ⅰ（心理実習）
--------------------------------------------------
【授業計画】
--------------------------------------------------
　第１週　ガイダンス
　第２－14週　事前学習と事前指導，松本少年刑務所での実習(半日)，長野県松本あさひ学園での実習(2日)，事後学習(ふりかえり)と事後指導
　第15週　まとめと授業アンケート
　定期試験なし
　実際の実習は主に夏期休業期間を利用して行う予定であるが，実習先の事情やその他の状況により実習日，予告した内容等を変更する場合がある。
--------------------------------------------------
【成績評価の方法】
--------------------------------------------------
　実習参加前の事前学習によるレポート(3割)，実習への参加によるレポート(5割)，実習参加後の事後学習によるレポート(2割)を総合して評価する。
　なお，単位取得のためには，両施設での実習に参加する必要がある。
--------------------------------------------------
【成績評価の基準】
--------------------------------------------------
　事前学習によるレポート，実習への参加によるレポート，実習参加後の事後学習による３つのレポート全てが，卓越して当該施設の概要と実態を捉え，またその問題点とを整理できていれば「卓越している」，優れて当該施設の概要と実態を捉え，またその問題点とを整理できていれば「かなり上にある」，的確に当該施設の概要と実態を捉え，またその問題点とを整理できていれば「やや上にある」，基本的な当該施設の概要と実態を捉え，またその問題点とを整理できていれば「その水準にある」と評価される。
--------------------------------------------------
【事前事後学習の内容】
--------------------------------------------------
　事前学習として，各自が当該施設の沿革，役割，勤務内容等について調べ学習を行う（各施設につき６時間）。事後学習として実習で得た体験および新たな視点について，ふりかえりと体験の共有を行う（各施設６時間）。
--------------------------------------------------
【履修上の注意】
--------------------------------------------------
　心理学・社会心理学コースの4年生であり公認心理師の資格取得を目指す学生で，4年次までに受講すべき必要科目を履修し，単位を修得した学生にのみ受講を認める。
--------------------------------------------------
【質問、相談への対応】
--------------------------------------------------
　木曜日の12:30～13:30のオフィスアワーにて対応する。事前にメール(imaiakr@shinshu-u.ac.jp)にて予約をする。
--------------------------------------------------
【教科書】
--------------------------------------------------
　使用しない。事前，事後指導時に適宜，資料などを配付する。
--------------------------------------------------
【参考書】
--------------------------------------------------
　事前，事後指導時に適宜，紹介する。
--------------------------------------------------
【授業で学べる「テーマ」】
--------------------------------------------------
その他
--------------------------------------------------
【全学横断特別教育プログラム】
--------------------------------------------------

--------------------------------------------------
【添付ファイル】
--------------------------------------------------
なし
"
人文学部,,心理実習Ⅱ（心理実習）,https://campus-3.shinshu-u.ac.jp/syllabusj/Text?NENDO=2026&BUKYOKU=L&CODE=L1541600,"--------------------------------------------------
【授業科目】
--------------------------------------------------
心理実習Ⅱ（心理実習）
--------------------------------------------------
【英文授業名】
--------------------------------------------------
Practical Training in Psychology II
--------------------------------------------------
【担当教員】
--------------------------------------------------
今井　章
--------------------------------------------------
【副担当】
--------------------------------------------------

--------------------------------------------------
【登録コード】
--------------------------------------------------
L1541600
--------------------------------------------------
【講義期間】
--------------------------------------------------
通年(集中)
--------------------------------------------------
【曜日・時限】
--------------------------------------------------

--------------------------------------------------
【単位数】
--------------------------------------------------
1
--------------------------------------------------
【講義室】
--------------------------------------------------

--------------------------------------------------
【対象学生】
--------------------------------------------------

--------------------------------------------------
【読替科目】
--------------------------------------------------
読替科目は履修案内を確認すること
--------------------------------------------------
【信大コンピテンシー】
--------------------------------------------------
非該当
--------------------------------------------------
【授業の達成目標】
【授業で得られる「学位授与の方針」要素】
【【授業の達成目標】】
【対象学生】
--------------------------------------------------
【2022年度以前ｶﾘｷｭﾗﾑ対象】変容する社会を冷静に分析し、時流に迎合することなく価値判断できる批判力
変容する社会を冷静に分析し，時流に迎合することなく価値判断できる批判力が身につくようになる。
２０２２Ｌカリ, ２０２１Ｌカリ, ２０２０Ｌカリ
【2022年度以前ｶﾘｷｭﾗﾑ対象】異質・多様なものを理解し、寛容かつ多元的に判断することができる受容力
異質・多様なものを理解し，寛容かつ多元的に判断することができる受容力が身につくようになる。
２０２２Ｌカリ, ２０２１Ｌカリ, ２０２０Ｌカリ
【2023年度以降ｶﾘｷｭﾗﾑ対象】人文学部人文学科の学士（文学）の称号にふさわしい基礎学力と専門的学力が身についている。【思索力・受容力・批判力】
人文学部人文学科の学士（文学）の称号にふさわしい基礎学力と専門的学力が身につくようになる。
２０２６Lカリ, ２０２５Ｌカリ, ２０２４Lカリ, ２０２３Ｌカリ
【2023年度以降ｶﾘｷｭﾗﾑ対象】専門的学力を基盤とし、持続可能な社会を実現するための課題に取り組む力が身についている。【開拓力・企画発想能力】
専門的学力を基盤とし，持続可能な社会を実現するための課題に取り組む力が身につくようになる。
２０２６Lカリ, ２０２５Ｌカリ, ２０２４Lカリ, ２０２３Ｌカリ
--------------------------------------------------
【授業のねらい】
--------------------------------------------------

--------------------------------------------------
【授業の概要】
--------------------------------------------------
　本実習では，教育分野の施設としての附属松本小学校，附属松本中学校で，見学を中心とした実習を行う。それぞれの施設を実地に訪ね，実習指導者による講義を聴講し施設内を見学する。
--------------------------------------------------
【授業タイトル】
--------------------------------------------------
心理実習Ⅱ（心理実習）
--------------------------------------------------
【授業計画】
--------------------------------------------------
　第１週　ガイダンス
　第２－14週　事前学習と事前指導，附属松本小学校での実習(2日間)，附属松本中学校での実習(2日間)，事後学習(ふりかえり)と事後指導
　第15週　まとめと授業アンケート
　定期試験なし
　実際の実習は主に夏期休業期間を利用して行う予定であるが，実習先の事情やその他の状況により実習日，予告した内容等を変更する場合がある。
--------------------------------------------------
【成績評価の方法】
--------------------------------------------------
　実習参加前の事前学習によるレポート(3割)，実習への参加によるレポート(5割)，実習参加後の事後学習によるレポート(2割)を総合して評価する。
　なお，単位取得のためには，附属松本小学校，および，附属松本中学校での両方の実習に参加する必要がある。
--------------------------------------------------
【成績評価の基準】
--------------------------------------------------
　事前学習によるレポート，実習への参加によるレポート，実習参加後の事後学習による３つのレポート全てが，卓越して当該施設の概要と実態を捉え，またその問題点とを整理できていれば「卓越している」，優れて当該施設の概要と実態を捉え，またその問題点とを整理できていれば「かなり上にある」，的確に当該施設の概要と実態を捉え，またその問題点とを整理できていれば「やや上にある」，基本的な当該施設の概要と実態を捉え，またその問題点とを整理できていれば「その水準にある」と評価される。
--------------------------------------------------
【事前事後学習の内容】
--------------------------------------------------
　事前学習として，各自が当該施設の沿革，役割，勤務内容等について調べ学習を行う（各施設につき６時間）。事後学習として実習で得た体験および新たな視点について，ふりかえりと体験の共有を行う（各施設につき６時間）。
--------------------------------------------------
【履修上の注意】
--------------------------------------------------
　心理学・社会心理学コースの4年生であり公認心理師の資格取得を目指す学生で，4年次までに受講すべき必要科目を履修して，単位を修得した学生にのみ受講を認める。
--------------------------------------------------
【質問、相談への対応】
--------------------------------------------------
　木曜日の12:30～13:30のオフィスアワーにて対応する。事前にメール(imaiakr@shinshu-u.ac.jp)にて予約をする。
--------------------------------------------------
【教科書】
--------------------------------------------------
　使用しない。事前，事後指導時に適宜，資料などを配付する。
--------------------------------------------------
【参考書】
--------------------------------------------------
　事前，事後指導時に適宜，紹介する。
--------------------------------------------------
【授業で学べる「テーマ」】
--------------------------------------------------
その他
--------------------------------------------------
【全学横断特別教育プログラム】
--------------------------------------------------

--------------------------------------------------
【添付ファイル】
--------------------------------------------------
なし
"
人文学部,,社会心理学発展演習Ⅱ(心理実習),https://campus-3.shinshu-u.ac.jp/syllabusj/Text?NENDO=2026&BUKYOKU=L&CODE=L1640400,"--------------------------------------------------
【授業科目】
--------------------------------------------------
社会心理学発展演習Ⅱ(心理実習)
--------------------------------------------------
【英文授業名】
--------------------------------------------------
Psychology: Advanced Seminar Ⅱ
--------------------------------------------------
【担当教員】
--------------------------------------------------
松本　昇 他
--------------------------------------------------
【副担当】
--------------------------------------------------
今井　章
--------------------------------------------------
【登録コード】
--------------------------------------------------
L1640400
--------------------------------------------------
【講義期間】
--------------------------------------------------
通年(集中)
--------------------------------------------------
【曜日・時限】
--------------------------------------------------
集中･不定期
--------------------------------------------------
【単位数】
--------------------------------------------------
2
--------------------------------------------------
【講義室】
--------------------------------------------------

--------------------------------------------------
【対象学生】
--------------------------------------------------
公認心理師資格履修者
--------------------------------------------------
【読替科目】
--------------------------------------------------

--------------------------------------------------
【信大コンピテンシー】
--------------------------------------------------
非該当
--------------------------------------------------
【授業の達成目標】
【授業で得られる「学位授与の方針」要素】
【【授業の達成目標】】
【対象学生】
--------------------------------------------------
--------------------------------------------------
【授業のねらい】
--------------------------------------------------

--------------------------------------------------
【授業の概要】
--------------------------------------------------
本実習では，保健医療分野の施設として医学部附属病院で，見学を中心とした実習を行う。施設を実地に訪ね，実習指導者による講義を聴講し施設内を見学する。
--------------------------------------------------
【授業タイトル】
--------------------------------------------------
心理実習
--------------------------------------------------
【授業計画】
--------------------------------------------------
　第１週　ガイダンス
　第２－14週　事前学習と事前指導，医学部附属病院での実習(数日)，事後学習(ふりかえり)と事後指導
　第15週　まとめと授業アンケート
　定期試験なし
　実際の実習は夏期休業期間を利用して行う予定であるが，実習先の事情やその他の状況により実習期日，予告した内容等を変更する場合がある。
--------------------------------------------------
【成績評価の方法】
--------------------------------------------------
実習参加前の事前学習によるレポート(3割)，実習への参加によるレポート(5割)，実習参加後の事後学習によるレポート(2割)を総合して評価する。
なお，単位取得のためには，医学部附属病院での実習にすべて参加する必要がある。
--------------------------------------------------
【成績評価の基準】
--------------------------------------------------
事前学習によるレポート，実習への参加によるレポート，実習参加後の事後学習による３つのレポート全てが，卓越して当該施設の概要と実態を捉え，またその問題点とを整理できていれば「卓越している」，優れて当該施設の概要と実態を捉え，またその問題点とを整理できていれば「優れている」，的確に当該施設の概要と実態を捉え，またその問題点とを整理できていれば「やや優れている」，基本的な当該施設の概要と実態を捉え，またその問題点とを整理できていれば「その水準にある」と評価される。
--------------------------------------------------
【事前事後学習の内容】
--------------------------------------------------
事前学習として，各自が当該施設の沿革，役割，勤務内容等について調べ学習を行う（６時間）。事後学習として実習で得た体験および新たな視点について，ふりかえりと体験の共有を行う（８時間）。
--------------------------------------------------
【履修上の注意】
--------------------------------------------------
心理学・社会心理学コースの4年生であり公認心理師の資格取得を目指す学生で，4年次までに受講すべき必要科目を履修して単位を修得した学生にのみ受講を認める。
--------------------------------------------------
【質問、相談への対応】
--------------------------------------------------
火曜日の12:20～13:20のオフィスアワーにて対応する。極力，事前にメール(noborum@shinshu-u.ac.jp)にて予約をする。
--------------------------------------------------
【教科書】
--------------------------------------------------
使用しない。事前，事後指導時に適宜，資料などを配付する。
--------------------------------------------------
【参考書】
--------------------------------------------------
事前，事後指導時に適宜紹介する。
--------------------------------------------------
【授業で学べる「テーマ」】
--------------------------------------------------
その他
--------------------------------------------------
【全学横断特別教育プログラム】
--------------------------------------------------

--------------------------------------------------
【添付ファイル】
--------------------------------------------------
なし
"
教育学部,,コンピュータ利用教育Ｌ,https://campus-3.shinshu-u.ac.jp/syllabusj/Text?NENDO=2026&BUKYOKU=E&CODE=E0000911,"--------------------------------------------------
【授業科目】
--------------------------------------------------
コンピュータ利用教育Ｌ
--------------------------------------------------
【英文授業名】
--------------------------------------------------
Educational Computing (L)
--------------------------------------------------
【担当教員】
--------------------------------------------------
宮地　弘一郎
--------------------------------------------------
【副担当】
--------------------------------------------------
下山　真衣
--------------------------------------------------
【登録コード】
--------------------------------------------------
E0000911
--------------------------------------------------
【講義期間】
--------------------------------------------------
通年(集中)
--------------------------------------------------
【曜日・時限】
--------------------------------------------------
水曜･５時限
--------------------------------------------------
【単位数】
--------------------------------------------------
2
--------------------------------------------------
【授業形態】
--------------------------------------------------
演習
--------------------------------------------------
【講義室】
--------------------------------------------------
教育Ｅ２０１
--------------------------------------------------
【対象学生】
--------------------------------------------------
2
--------------------------------------------------
【備考】
--------------------------------------------------
特別支援教育コース
--------------------------------------------------
【市民開放授業】
--------------------------------------------------
否
--------------------------------------------------
【県内大学開放授業】
--------------------------------------------------
否
--------------------------------------------------
【信大コンピテンシー】
--------------------------------------------------
非該当
--------------------------------------------------
【授業の達成目標】
【授業で得られる「学位授与の方針」要素】
【【授業の達成目標】】
【対象学生】
--------------------------------------------------
教育の専門家に求められる深い教養に根ざした公共的使命感や倫理観
児童・生徒の情報モラルなどを指導することができる。
２６Ｅカリ, ２５Ｅカリ, ２４Ｅカリ, ２３Ｅカリ, ２２Ｅカリ, ２１Ｅカリ, ２０Ｅカリ
教育活動を支え、実現する上で不可欠な専門的知識・技能
特別支援教育における教材研究・指導の準備・評価などにICTを活用することができる。
２６Ｅカリ, ２５Ｅカリ, ２４Ｅカリ, ２３Ｅカリ, ２２Ｅカリ, ２１Ｅカリ, ２０Ｅカリ
--------------------------------------------------
【授業の概要】
--------------------------------------------------
　本授業は特別支援教育コース２年生を対象とし、教育におけるICT活用や情報活用に必要な、PC・その関連機器・主要アプリケーションの操作、および活用方法を身につける。
--------------------------------------------------
【授業計画】
--------------------------------------------------
本授業は、内容により、1時限単位の講義、演習、あるいは集中による実習を行う。        
各回の実施時期については前後する場合がある。        

＜第1,6～9回＞学部共通内容（オンデマンド・学びセンター担当）　＜第2～5回＞特別支援教育におけるICT活用　＜第6～9回＞情報処理演習　＜第10～14回（集中講義）＞ICT活用実習
       
第1回：コンピュータ利用教育の概要
第2回：特別支援教育におけるICT活用（ガイダンス）
第3回：ICT活用の基本演習①Googleドキュメント等による共同作業
第4回：ICT活用の基本演習②Googleスライド等による教材制作
第5回：ICT活用の基本演習③Googleスプレッドシート等によるデータ整理
第6回：生成AIの基礎と対話型AIの活用【データサイエンス含む】
第7回：自分専用AIの作成と業務効率化【データサイエンス含む】
第8回：信頼できる情報の分析と論理構成【データサイエンス含む】
第9回：マルチモーダル生成と創造的アウトプット【データサイエンス含む】


第10～14回（集中講義）：ICT活用実習
　選択臨床実習とそれに関連したICT活用の実習（デジタルコンテンツの作成等）を行う。
　
　①臨床実習（選択プログラム別）　
　　選択プログラムの例
　　　　プログラムA:　入院児オンライン交流　
　　　　プログラムB:　知的障害余暇活動支援　　　　 
　　　　プログラムC:　身体障害児学習支援（視覚障害，肢体不自由など）

　②ICT活用実習…選択プログラムの障害に対応したICT活用を実践（下記は例）　
　　　　デジタルコンテンツ制作
　　　　オンライン交流支援
　　　　ICT活用による教材開発

　①②を通して、「特別なニーズのある児童生徒の課題理解」「特別なニーズのある子どもへの支援視点の考察」「特別なニーズのある子どもを支援するICTツールの基本事項」「特別なニーズのある子どもへのICT活用の実践」「特別なニーズのある子どもへのICTの有効な活用方法と課題の理解」について学ぶ。

第14回終了時に授業アンケートを行う
--------------------------------------------------
【成績評価の方法】
--------------------------------------------------
演習・実習課題の遂行状況（50%）、および、提出課題（50%）により評価する。
--------------------------------------------------
【成績評価の基準】
--------------------------------------------------
・得点率による評価基準は次のとおりとする。
90％以上　秀，89-80％　優，79-70％　良，69-60％　可，59％以下　不可。　

秀(S)　: 授業の達成目標の水準から見て卓越している（情報モラルを十分理解し，ICTを適切にかつ効果的に活用できる）
優(A)　: 授業の達成目標の水準よりかなり上にある（情報モラルを十分理解し，ICTを適切に活用できる）
良(B)　: 授業の達成目標の水準よりやや上にある（情報モラルを理解し，ICTを活用できる）
可(C)　: 授業の達成目標の水準にある（情報モラルを理解し，ICTを最低限必要な水準で活用できる）
不可(D): 授業の達成目標の水準よりやや下にある（情報モラルの理解あるいはICT活用が不十分）

--------------------------------------------------
【事前事後学習の内容】
--------------------------------------------------
授業時間外に行う臨床実習や制作作業がある。内容については授業中に適宜指示する。なお本科目は，授業時間と授業時間外の作業，事前事後学習を合わせて90時間の学習を要する。
--------------------------------------------------
【履修上の注意】
--------------------------------------------------
　通年の継続的な実習であること、授業時間以外に行う作業が多くあることを留意しておくこと。またコンテンツ等の制作はグループの協同により行い最終的に児童生徒や学校へ配布することから、学生同士のコミュニケーションを十分に行いながら内容を吟味し、また分担して制作を進めること。
--------------------------------------------------
【質問，相談への対応及び連絡先】
--------------------------------------------------
　質問／相談がある場合は事前に連絡の上、宮地研究室（E207）へ訪問すること。連絡先は下記の通り。
（連絡先）宮地研究室　 E-mail: miyaji@shinshu-u.ac.jp　　Tel.026-238-4201

--------------------------------------------------
【教科書】
--------------------------------------------------
特になし。随時資料を配布する。
--------------------------------------------------
【参考文献】
--------------------------------------------------
特になし
--------------------------------------------------
【授業で学べる「テーマ」】
--------------------------------------------------
多文化協働
--------------------------------------------------
【全学横断特別教育プログラム】
--------------------------------------------------

--------------------------------------------------
【添付ファイル】
--------------------------------------------------
なし
"
教育学部,,近代文学演習,https://campus-3.shinshu-u.ac.jp/syllabusj/Text?NENDO=2026&BUKYOKU=E&CODE=E2015900,"--------------------------------------------------
【授業科目】
--------------------------------------------------
近代文学演習
--------------------------------------------------
【英文授業名】
--------------------------------------------------
Japanese Literature Seminar
--------------------------------------------------
【担当教員】
--------------------------------------------------
藤原　崇雅
--------------------------------------------------
【副担当】
--------------------------------------------------

--------------------------------------------------
【登録コード】
--------------------------------------------------
E2015900
--------------------------------------------------
【講義期間】
--------------------------------------------------
通年
--------------------------------------------------
【曜日・時限】
--------------------------------------------------
月曜･２時限 月曜･５時限
--------------------------------------------------
【単位数】
--------------------------------------------------
2
--------------------------------------------------
【授業形態】
--------------------------------------------------
演習
--------------------------------------------------
【講義室】
--------------------------------------------------
教育Ｍ４０２講義室
--------------------------------------------------
【対象学生】
--------------------------------------------------
3-4年生
--------------------------------------------------
【備考】
--------------------------------------------------

--------------------------------------------------
【市民開放授業】
--------------------------------------------------
否
--------------------------------------------------
【県内大学開放授業】
--------------------------------------------------
否
--------------------------------------------------
【信大コンピテンシー】
--------------------------------------------------
該当
--------------------------------------------------
【授業の達成目標】
【授業で得られる「学位授与の方針」要素】
【【授業の達成目標】】
【対象学生】
--------------------------------------------------
教育活動を支え、実現する上で不可欠な専門的知識・技能
日本近代文学のさまざまな研究方法を知り、それを活用して新規の知見を自身で述べることができるようになる。研究発表を伝わりやすいかたちで行えるようになる。他の受講生の意見に対し、自身の意見を述べ、討論することができるようになる。
２６Ｅカリ, ２５Ｅカリ, ２４Ｅカリ, ２３Ｅカリ, ２２Ｅカリ, ２１Ｅカリ, ２０Ｅカリ
--------------------------------------------------
【授業の概要】
--------------------------------------------------
発表対象作品についての発表と討論を通して、受講者の関心領域に含まれる課題を明らかにし、研究対象への理解を深めていく。
--------------------------------------------------
【授業計画】
--------------------------------------------------
第1回：ガイダンス（授業テーマの選択、発表日程の決定、研究関心の紹介）
第2回：近現代文学研究の方法①（研究史の紹介と研究対象の決定）
第3回：近現代文学研究の方法②（図書館ガイダンス）
第4回：近現代文学研究の方法③（資料調査の方法）※遠隔等
第5回：近現代文学研究の方法④（理論援用の方法）※遠隔等
第6回：近現代文学研究の方法⑤（発表資料の作成方法）
第7回：近現代文学研究の方法⑥（プレゼンと質疑応答の方法）
第8回：発表準備進捗状況報告会、レポート作成の方法、模擬発表　※遠隔等
第9回：ブックトーク、読書会、映画観賞会
第10回：受講者による研究発表と議論①
第11回：受講者による研究発表と議論②
第12回：受講者による研究発表と議論③
第13回：受講者による研究発表と議論④
第14回：受講者による研究発表と議論⑤、授業アンケート
※教育実習等を理由とした欠席分については、欠席者と相談の上、補講を行う。
--------------------------------------------------
【成績評価の方法】
--------------------------------------------------
1．授業の達成目標1の「他の受講生の意見に対し、自身の意見を述べ、討論すること」に関する達成度を測るため、毎回の授業で実施する授業の小テストおよび振り返り（eALPS)：30点
2．授業の達成目標1の「日本近代文学のさまざまな研究方法を知り、それを活用して新規の知見を自身で述べること」に関する達成度を測るための学期末レポート：10点
3．授業の達成目標1の「日本近代文学のさまざまな研究方法を知り、それを活用して新規の知見を自身で述べること」に関する達成度を測るための研究発表：60点
合計100点
--------------------------------------------------
【成績評価の基準】
--------------------------------------------------
秀：日本近現代文学のさまざまな研究方法を知り、それを活用して新規の知見を高度に述べ、学期末レポートに高度にまとめられている。また、他の受講生の意見について、討論が高度に行えている。
優：日本近現代文学のさまざまな研究方法を知り、それを活用して新規の知見を正確に述べ、学期末レポートに正確にまとめられている。また、他の受講生の意見について、討論が正確に行えている。
良：日本近現代文学のさまざまな研究方法を知り、それを活用して新規の知見をおおよそ述べ、学期末レポートにおおよそまとめられている。また、他の受講生の意見について、討論がおおよそ行えている。
可：日本近現代文学のさまざまな研究方法を知り、それを活用して新規の知見を一部述べ、学期末レポートに一部まとめられている。また、他の受講生の意見について、討論が一部行えている。
不可：日本近現代文学のさまざまな研究方法を知ることができておらず、それを活用して新規の知見を述べられておらず、学期末レポートにまとめられていない。また、他の受講生の意見について、討論が行えていない。

・得点率による評価基準は次のとおりとする。
90％以上　秀，89-80％　優，79-70％　良，69-60％　可，59％以下　不可。
--------------------------------------------------
【事前事後学習の内容】
--------------------------------------------------
事前学習：自身の演習発表の準備を行うこと。また、他の受講生の発表対象作品や読書会の対象作品を読了すること。
事後学習：自身の発表内容をレポートにまとめるための準備をすること。
※この授業は90時間の学修を必要とする内容である。したがって，60時間以上の時間外学習が必要となる。
--------------------------------------------------
【履修上の注意】
--------------------------------------------------
授業中は、受動的に授業を受講するのではなく、個人追究やグループワークなどの言語活動に主体的に参加すること。また、授業前後に必要な学習を相当時間数行うこと。
※本授業は出席しているだけでは単位は認定されない。
--------------------------------------------------
【質問，相談への対応及び連絡先】
--------------------------------------------------
原則的に授業時に直接おこなうことが望ましいが、個人的な相談・質問がある場合はメールにて受け付ける。また，オフィスアワーを利用してもよい。対応可能な場合は，その他の時間でも可。
【藤原】研究室：中校舎４Ｆ ４０７ 内線番号：４０７７ アドレス：fujiwara_takamasa@shinshu-u.ac.jp
--------------------------------------------------
【教科書】
--------------------------------------------------
授業内で適宜指示する。
--------------------------------------------------
【参考文献】
--------------------------------------------------
酒井聡樹『これからレポート・卒論を書く若者のために』第2版、共立出版、2017
酒井聡樹『これから学会発表する若者のために』第2版、共立出版、2018
上記のほか、授業内で適宜指示する。
--------------------------------------------------
【授業で学べる「テーマ」】
--------------------------------------------------
芸術文化,環境共生,多文化協働
--------------------------------------------------
【全学横断特別教育プログラム】
--------------------------------------------------

--------------------------------------------------
【添付ファイル】
--------------------------------------------------
なし
"
教育学部,,解析学基礎,https://campus-3.shinshu-u.ac.jp/syllabusj/Text?NENDO=2026&BUKYOKU=E&CODE=E2220900,"--------------------------------------------------
【授業科目】
--------------------------------------------------
解析学基礎
--------------------------------------------------
【英文授業名】
--------------------------------------------------
A First Course in Analysis
--------------------------------------------------
【担当教員】
--------------------------------------------------
松澤　泰道
--------------------------------------------------
【副担当】
--------------------------------------------------

--------------------------------------------------
【登録コード】
--------------------------------------------------
E2220900
--------------------------------------------------
【講義期間】
--------------------------------------------------
通年
--------------------------------------------------
【曜日・時限】
--------------------------------------------------
集中･不定期 火曜･１時限
--------------------------------------------------
【単位数】
--------------------------------------------------
3
--------------------------------------------------
【授業形態】
--------------------------------------------------
講義
--------------------------------------------------
【講義室】
--------------------------------------------------
教育Ｎ１０１講義室
--------------------------------------------------
【対象学生】
--------------------------------------------------
2年生
--------------------------------------------------
【備考】
--------------------------------------------------

--------------------------------------------------
【市民開放授業】
--------------------------------------------------
否
--------------------------------------------------
【県内大学開放授業】
--------------------------------------------------
否
--------------------------------------------------
【信大コンピテンシー】
--------------------------------------------------
非該当
--------------------------------------------------
【授業の達成目標】
【授業で得られる「学位授与の方針」要素】
【【授業の達成目標】】
【対象学生】
--------------------------------------------------
--------------------------------------------------
【授業の概要】
--------------------------------------------------
前期は１変数の微積分について学ぶ．主に級数とテイラー展開の理論を展開する．後期は多変数の微分積分学を学ぶ．主に極値問題や多重積分の理論を展開する．毎回課題を解くことでこれらを身に付ける.
--------------------------------------------------
【授業計画】
--------------------------------------------------
前期
第 1 回：ガイダンス
第 2 回：実数の連続性
第 3 回：数列の収束と発散
第 4 回：数列の収束定理
第 5 回：関数の極限
第 6 回：初等関数
第 7 回：微分
第 8 回：平均値の定理
第 9 回：ロピタルの定理
第10回：テイラーの定理
第11回：積分の概念
第12回：広義積分
第13回：広義積分の収束
第14回：ガンマ関数
定期試験

後期
第 1 回：ガイダンス
第 2 回：ユークリッド空間
第 3 回：多変数の関数
第 4 回：多変数関数の微分
第 5 回：テイラーの定理
第 6 回：極値問題
第 7 回：陰関数
第 8 回：長方形領域上の２重積分
第 9 回：一般の領域上の２重積分
第10回：重積分の変数変換
第11回：ガウス積分
第12回：級数
第13回：整級数
第14回：テイラー展開，授業アンケート
定期試験

※教育実習による欠席分の補講については，授業時に連絡します。
--------------------------------------------------
【成績評価の方法】
--------------------------------------------------
微積分の基礎と応用を理解できるようになったかどうか」を測る定期試験100％(前期50％+後期50％）
--------------------------------------------------
【成績評価の基準】
--------------------------------------------------
授業で示した例題と同レベルの問題が解ければ「水準にある」，応用問題が解ければ「やや上にある」，やや難しい応用問題が解ければ「かなり上にある」，例題から難しい応用問題が解ければ「卓越している」
--------------------------------------------------
【事前事後学習の内容】
--------------------------------------------------
授業後は授業の復習をし、例や演習問題を解くこと．この講義は145時間の学修を必要とする内容です。従って，90時間以上の時間外学習が必要となります。

--------------------------------------------------
【履修上の注意】
--------------------------------------------------
・高校で習う微積分は仮定する．未習の学生は各自で自習しておくこと．
・授業内容は学生の理解度と希望によって変更することがある．


--------------------------------------------------
【質問，相談への対応及び連絡先】
--------------------------------------------------
随時．myasu@shinshu-u.ac.jp
--------------------------------------------------
【教科書】
--------------------------------------------------
指定しない．
--------------------------------------------------
【参考文献】
--------------------------------------------------
指定しない．
--------------------------------------------------
【授業で学べる「テーマ」】
--------------------------------------------------
その他
--------------------------------------------------
【全学横断特別教育プログラム】
--------------------------------------------------

--------------------------------------------------
【添付ファイル】
--------------------------------------------------
なし
"
経法学部,,卒業論文,https://campus-3.shinshu-u.ac.jp/syllabusj/Text?NENDO=2026&BUKYOKU=J&CODE=J5010400,"--------------------------------------------------
【授業科目】
--------------------------------------------------
卒業論文
--------------------------------------------------
【英文授業名】
--------------------------------------------------
Graduation Thesis
--------------------------------------------------
【担当教員】
--------------------------------------------------

--------------------------------------------------
【副担当】
--------------------------------------------------

--------------------------------------------------
【登録コード】
--------------------------------------------------
J5010400
--------------------------------------------------
【講義期間】
--------------------------------------------------
通年
--------------------------------------------------
【曜日・時限】
--------------------------------------------------
･不定期
--------------------------------------------------
【単位数】
--------------------------------------------------
4
--------------------------------------------------
【授業区分】
--------------------------------------------------
演習
--------------------------------------------------
【講義室】
--------------------------------------------------

--------------------------------------------------
【対象学年】
--------------------------------------------------
（20・23カリ対象科目）経：4年
--------------------------------------------------
【市民開放授業】
--------------------------------------------------
否
--------------------------------------------------
【県内大学開放授業】
--------------------------------------------------
否
--------------------------------------------------
【信大コンピテンシー】
--------------------------------------------------
該当
--------------------------------------------------
【授業の達成目標】
【授業で得られる「学位授与の方針」】
【【授業の達成目標】】
【対象学生】
--------------------------------------------------
専門知識を応用・実践する力として，計量的分析手法によるデータ解析を用いたリスクの定量的評価，実験経済学による社会制度の機能の検証，医療や福祉の現場における社会調査の手法を実践した地域の問題発掘，法の経済分析を通じた法制度の効果・影響の検証，などのスキルを習得し，経済の実情に即した政策提言，あるいは企業行動の決定を行うことができる能力を身につける。
	専門知識を応用・実践する力として，自身が学ぶ経済学分野における評価・検証などのスキルを習得し，経済の実情に即した政策提言，あるいは企業行動の決定を行うことができる能力を身につけることができるようになる。
経法23ｶﾘ･応用経済
環境問題，少子高齢化，自然・経済リスクの管理，コーポレート・ガバナンス等の法制度がかかわる問題などについて，現実に解決を探る際には，法学，さらには，理学・工学・医学等の関連領域との協力が必要となる。このために，関連する分野の考え方を正しく理解して経済学的分析手法との相違を把握し，経済学の知見を，柔軟にまた建設的に応用できる能力を身につける。
関連する分野の考え方を正しく理解して経済学的分析手法との相違を把握し，経済学の知見を，柔軟にまた建設的に応用できる能力として，大学での学びの集大成である卒業論文へまとめあげることができるようになる。
経法23ｶﾘ･応用経済, 経法20ｶﾘ･応用経済
【2020年度以降ｶﾘｷｭﾗﾑ対象】専門領域での基礎知識として，経済学に基づく論理的思考法及び統計的分析手法を身につける。そして，経済理論の応用分野として，金融，公共政策，法や制度の経済分析をテーマとする3 つの専門コースで，専門知識を具体的な問題解決に実践する力を身につける。
	専門領域での基礎知識として，また，問題解決に実践する力として，自身が学ぶ経済学分野に基づく論理的思考法及び統計的分析手法，そして，専門知識を具体的な問題解決に導く能力を身につけることができるようになる。
経法23ｶﾘ･応用経済, 経法20ｶﾘ･応用経済
--------------------------------------------------
【授業の概要】
--------------------------------------------------
応用経済学科の学生の卒業論文作成の指導は，原則として「経済学演習Ⅱ」の指導教員が務める．４年次に進級した学生で卒業論文の作成を希望するものは，下記の【授業計画】に記載した期間に「卒業論文」の履修登録を行い，指導教員と相談して卒業論文作成計画書を作成する．学生は，この計画書のスケジュールに従って卒業論文の進捗状況を定期的に指導教員に報告しながら指導を受け，卒業論文を完成させる．卒業論文の形式要件は，下記【履修上の注意】に記載した通り，２万字程度を原則とし，研究領域・内容の性格上字数がこの目安から大きく乖離する場合には，卒業論文作成計画書を作成する段階で事前に指導教員の承諾を得ておく必要がある．
--------------------------------------------------
【授業計画】
--------------------------------------------------
形式的な手続きは，以下の通り．
１．指導教員との面接と指導の許可　4月初めまでの，できるだけ早い段階で行うこと．
２．卒業論文作成計画書作成　指導教員と十分に相談し，できるだけ早い段階で行うこと．
３．卒業論文提出期限　1月上旬(事前に履修案内等で確認すること)
実際の論文作成の過程は，指導教員の指導に基づき，①研究テーマの設定，②分析手法の検討，③先行研究や関連するデータの調査，④具体的な分析と検討，⑤中間報告，⑥分析内容の見直しや追加分析，⑦最終報告，⑧論文執筆，⑨論文の内容の見直しと改訂作業，について，年間の作業計画を作成して進めること．
大学での学びの総決算ともいえる卒業論文の作成は，1～2カ月でやり遂げられるものではない．1年間，じっくり時間をかけて取り組まなければならない．
--------------------------------------------------
【成績評価の方法】
--------------------------------------------------
論文の内容を，記述内容の正確さ，分析手法の妥当性，研究内容の独創性，論文の構成・記述が論理的であるか，などについて評価を行う．
--------------------------------------------------
【成績評価の基準】
--------------------------------------------------
記述内容が正確であり，分析手法が妥当なものであれば「水準にある(可)」，さらに，論文の記述内容が，客観的根拠に基づいて論理的かつ説得的であれば「やや上にある(良)」，先行研究と比して独創性のある内容であれば「かなり上にある(優)」，当該分野の研究上，重要な示唆を与えるものであれば「卓越している(秀)」．
--------------------------------------------------
【事前事後学習の内容】
--------------------------------------------------
卒業論文は，他の授業で課されるレポートと異なり，自分でテーマを決めることができる．そのため，自ら問題意識を持って，社会の様々な現象に関心を持たなければならない．
また，論文の内容が，独りよがりで，客観性に欠けるものであってはならない．先行研究を広く調査し，自らの研究の位置づけを，明確にしなければならない．さらに，分析手法の妥当性を担保するためにも，先行研究が採用した手法について，十分に吟味する必要がある．
そして，論文の内容が論理的かつ説得的であるかは，自ら推敲をするだけでは十分ではない．指導教員からの助言に従うことはもちろんのこと，指導教員以外の教員や同級生などにも目を通してもらい，論旨が明確になるよう努めなければならない．
--------------------------------------------------
【履修上の注意】
--------------------------------------------------
1 ．卒業論文の分量は，２万字程度（400字詰原稿用紙50枚）を目安とする．他の著作等から引用した図表等は，これに含まれない．
2 ．研究領域・内容の性格上，著しく字数が少ないまたは多い場合は，事前に指導教員の指示または承諾を得ること．
3 ．Ａ４版縦方向に，横書きワープロ打ちとする．１行40字，１ページ40行程度を目安とし，上下３センチ，左右2.5センチ程度の余白をとる．ページ番号は下部中央に付ける．
4 ．剽窃（盗作）があった場合，期末試験における不正行為と同様の扱いになるため，注意すること．
5 ．この他，論文を作成する上で順守すべきマナーは，指導教員の指導に従うこと．提出方法等については，別途掲示等で通知する．
--------------------------------------------------
【質問,相談への対応】
--------------------------------------------------
担当教員の指示に従うこと．
--------------------------------------------------
【教科書】
--------------------------------------------------
担当教員の指示に従うこと．
--------------------------------------------------
【参考書】
--------------------------------------------------
担当教員の指示に従うこと．
--------------------------------------------------
【授業で学べる「テーマ」】
--------------------------------------------------
その他
--------------------------------------------------
【全学横断特別教育プログラム】
--------------------------------------------------

--------------------------------------------------
【添付ファイル】
--------------------------------------------------
なし
"
経法学部,,経済学演習Ⅱ,https://campus-3.shinshu-u.ac.jp/syllabusj/Text?NENDO=2026&BUKYOKU=J&CODE=J5120300,"--------------------------------------------------
【授業科目】
--------------------------------------------------
経済学演習Ⅱ
--------------------------------------------------
【英文授業名】
--------------------------------------------------
Seminar  in  Economics Ⅱ
--------------------------------------------------
【担当教員】
--------------------------------------------------

--------------------------------------------------
【副担当】
--------------------------------------------------

--------------------------------------------------
【登録コード】
--------------------------------------------------
J5120300
--------------------------------------------------
【講義期間】
--------------------------------------------------
通年
--------------------------------------------------
【曜日・時限】
--------------------------------------------------
･
--------------------------------------------------
【単位数】
--------------------------------------------------
4
--------------------------------------------------
【授業区分】
--------------------------------------------------
演習
--------------------------------------------------
【講義室】
--------------------------------------------------

--------------------------------------------------
【対象学年】
--------------------------------------------------
（20・23カリ対象科目）経：3年
--------------------------------------------------
【市民開放授業】
--------------------------------------------------
否
--------------------------------------------------
【県内大学開放授業】
--------------------------------------------------
否
--------------------------------------------------
【信大コンピテンシー】
--------------------------------------------------
該当
--------------------------------------------------
【授業の達成目標】
【授業で得られる「学位授与の方針」】
【【授業の達成目標】】
【対象学生】
--------------------------------------------------
専門知識を応用・実践する力として，計量的分析手法によるデータ解析を用いたリスクの定量的評価，実験経済学による社会制度の機能の検証，医療や福祉の現場における社会調査の手法を実践した地域の問題発掘，法の経済分析を通じた法制度の効果・影響の検証，などのスキルを習得し，経済の実情に即した政策提言，あるいは企業行動の決定を行うことができる能力を身につける。
専門知識を応用・実践する力として，自身が学ぶ経済学分野における評価・検証などの応用的なスキルを習得し，経済の実情に即した政策提言，あるいは企業行動の決定などを行うことができる能力を身につけることができるようになる。
経法23ｶﾘ･応用経済
【2020年度以降ｶﾘｷｭﾗﾑ対象】専門領域での基礎知識として，経済学に基づく論理的思考法及び統計的分析手法を身につける。そして，経済理論の応用分野として，金融，公共政策，法や制度の経済分析をテーマとする3 つの専門コースで，専門知識を具体的な問題解決に実践する力を身につける。
専門領域での基礎知識として，また，問題解決に実践する力として，自身が学ぶ経済学分野に基づく論理的思考法及び応用的な統計分析手法，そして，専門知識を具体的な問題解決に導く能力を身につけることができるようになる。
経法23ｶﾘ･応用経済
--------------------------------------------------
【授業の概要】
--------------------------------------------------
本演習は，各回の担当者による報告と質疑応答を中心に進める。報告のテーマや形式などに関する詳細は開講後に指示する。

--------------------------------------------------
【授業計画】
--------------------------------------------------
初回に履修上の注意などを確認した上で，各回のテーマに関連した報告，および質疑応答を行う。報告のテーマは担当教員の専門分野や受講生の希望などを踏まえた上で，経済・経営に関する応用的な問題から選択される。
最後に授業アンケートを行う。
--------------------------------------------------
【成績評価の方法】
--------------------------------------------------
報告内容や議論への参加状況，演習論文など担当教員が指定した成果物の内容を踏まえて総合的に判断する。配点は初回授業で連絡する。

--------------------------------------------------
【成績評価の基準】
--------------------------------------------------
(1)問題の設定が適切であり，(2)その問題の背景を説明できており，(3)その問題にどのような課題があるのかを指摘できており，(4)それらの課題に対して既存の学説が提示する解決法が適切に把握できており，(5)その上で自分の見解を提示できており，かつ，教員を感心させるレベルにあれば「卓越している」，(1)から(5)の5項目を満たしていれば「かなり上にある」。4項目までできていれば，「やや上にある」。3項目までできていれば「水準にある」。
--------------------------------------------------
【事前事後学習の内容】
--------------------------------------------------
報告に際しては十分に準備をするとともに，各回のテーマについて予習をして臨むことが求められる。
--------------------------------------------------
【履修上の注意】
--------------------------------------------------
関連する科目を履修済み、あるいは履修中であることが望ましい。また，原則として欠席は認めない。やむを得ない事情がある場合には必ず事前に連絡すること。
--------------------------------------------------
【質問,相談への対応】
--------------------------------------------------
演習中に随時受け付ける。
--------------------------------------------------
【教科書】
--------------------------------------------------
開講後に指示する。
--------------------------------------------------
【参考書】
--------------------------------------------------
開講後に指示する。
--------------------------------------------------
【授業で学べる「テーマ」】
--------------------------------------------------
その他
--------------------------------------------------
【全学横断特別教育プログラム】
--------------------------------------------------

--------------------------------------------------
【添付ファイル】
--------------------------------------------------
なし
"
経法学部,,医療経済学,https://campus-3.shinshu-u.ac.jp/syllabusj/Text?NENDO=2026&BUKYOKU=J&CODE=J5130300,"--------------------------------------------------
【授業科目】
--------------------------------------------------
医療経済学
--------------------------------------------------
【英文授業名】
--------------------------------------------------
Health Economics
--------------------------------------------------
【担当教員】
--------------------------------------------------
増原　宏明
--------------------------------------------------
【副担当】
--------------------------------------------------

--------------------------------------------------
【登録コード】
--------------------------------------------------
J5130300
--------------------------------------------------
【講義期間】
--------------------------------------------------
通年
--------------------------------------------------
【曜日・時限】
--------------------------------------------------
月曜･１時限
--------------------------------------------------
【単位数】
--------------------------------------------------
4
--------------------------------------------------
【授業区分】
--------------------------------------------------
講義
--------------------------------------------------
【講義室】
--------------------------------------------------
経法第３講義室
--------------------------------------------------
【対象学年】
--------------------------------------------------
（20カリ対象科目）経：3年
--------------------------------------------------
【市民開放授業】
--------------------------------------------------
否
--------------------------------------------------
【県内大学開放授業】
--------------------------------------------------
否
--------------------------------------------------
【信大コンピテンシー】
--------------------------------------------------
該当
--------------------------------------------------
【授業の達成目標】
【授業で得られる「学位授与の方針」】
【【授業の達成目標】】
【対象学生】
--------------------------------------------------
経済学または法学が積み上げてきた知識と思考に基づく判断を基礎力として身につけ，それを発揮できる力を身につける。
専門領域での基礎知識として，医療制度を経済学的思考に基づき評価し，医療の現代的問題や，医療制度改革の狙いを全員が間違いなく論理的に説明できるようになる。
経法20ｶﾘ
専門知識を応用・実践する力として，計量的分析手法によるデータ解析を用いたリスクの定量的評価，実験経済学による社会制度の機能の検証，医療や福祉の現場における社会調査の手法を実践した地域の問題発掘，法の経済分析を通じた法制度の効果・影響の検証，などのスキルを習得し，経済の実情に即した政策提言，あるいは企業行動の決定を行うことができる能力を身につける。
専門知識を応用・実践する力として，データに基づき医療政策を批判できるようになり，医療政策が与えるインセンティブを踏まえ，これを定性的・定量的に評価できるようになる。
経法20ｶﾘ･応用経済
--------------------------------------------------
【授業の概要】
--------------------------------------------------
医療経済学は大きく，制度，経済理論，実証研究の3つから成り立ちます。まず，医療には多くの規制がかかるため，制度を知らなければなりません。授業の前半では，これらを整理しながら，医療制度の特徴を把握します。次に，医療制度によって規定されたインセンティブ構造と資源配分の効率性の問題で，これは経済理論によって確認しなければなりません。そこで授業の後半では，医療制度により資源配分が歪むかどうか，経済理論によって確かめます。最後に，医療制度の下，経済理論によって説明される行動が実際に起こっているかについては，実際のデータを用いて検証しなければなりません。授業の後半の途中で，ミクロ計量経済学の手法を用いて，実証分析の結果を解説しながら確かめます。
--------------------------------------------------
【授業計画】
--------------------------------------------------
第１回　国民医療費の動向
第２回　社会保障と社会保険
第３回　医療保険制度：被用者保険と地域保険
第４回　医療保険制度：一部負担と高額療養費制度
第５回　後期高齢者医療制度
第６回　険の経済学（保険とモラルハザード）
第７回　介護保険制度：要介護認定と居宅サービス
第８回　介護保険制度：施設サービスと地域密着型サービス
第９回　終末期医療の経済分析，小テスト
第10回　医療・介護制度の国際比較
第11回　病院と病院機能
第12回　病院と医療スタッフ
第13回　診療報酬制度
第14回　薬価基準
第15回　医療制度改革
中間試験
第16回　医療サービス需要の経済理論：準備編
第17回　医療サービス需要の経済理論：実践編
第18回　医療サービス需要の実証分析
第19回　供給者誘発需要
第20回　供給者誘発需要の実証分析
第21回　保険の経済学（最適保険）：準備編
第22回　保険の経済学（最適保険）：実践編
第23回　所得分布と健康
第24回　生活習慣と行動変容，小テスト
第25回　医療における計画と規制の経済分析
第26回　医療の機能分化の経済分析
第27回　薬価と医薬品流通
第28回　医療技術の進歩
第29回　医療職の労働市場：臨床研修とマッチング
第30回　医療職の労働市場：医師不足問題，授業アンケート
期末試験
--------------------------------------------------
【成績評価の方法】
--------------------------------------------------
【授業の達成目標】の1番目の達成度を測るために、基礎的な知識の定着を確認するための論述問題式の小テストを2回行う（各20%×2回＝40%）。続いて，【授業の達成目標】のすべての達成度を測るために，論述問題式の中間試験（30%）と期末試験（30％）を行う。
--------------------------------------------------
【成績評価の基準】
--------------------------------------------------
小テストと同レベルの問題が解ければ「水準にある」，応用問題が解ければ「やや上にある」，やや難しい応用問題が解ければ「かなり上にある」，難しい応用問題が解ければ「卓越している」
--------------------------------------------------
【事前事後学習の内容】
--------------------------------------------------
予習・復習用の授業レジュメを，eALPSにPDFファイルとしてアップする。各自で印刷するか，ノートパソコンを持参すること。レジュメは穴埋め式となっているので，予習として1時間かけて穴埋め以外の項目について目を通すこと。講義後には穴埋めされたレジュメを復習し，授業で説明した概念や経済分析手法を自らの手で再度まとめること（2時間程度）。
--------------------------------------------------
【履修上の注意】
--------------------------------------------------
医療経済学では，ミクロ経済学をベースとした議論を行います。授業で復習をしながら進めますが，「ミクロ経済学Ⅰ」を事前に履修することをお勧めします。また基礎的な計量経済学の知識も必要となりますので，「計量経済学」の履修もお勧めします。
--------------------------------------------------
【質問,相談への対応】
--------------------------------------------------
個別の質問は，オフィスアワーに研究室に来てください。オフィスアワーが無理な場合には，事前にメール（masuhara@shinshu-u.ac.jp）でアポイントメントを取り，来室してください。
--------------------------------------------------
【教科書】
--------------------------------------------------
特に指定しない
--------------------------------------------------
【参考書】
--------------------------------------------------
細谷圭・増原宏明・林行成，医療経済学15講，978-4883842841，新世社，2018年，2,592円．
橋本英樹・泉田信行編, 医療経済学講義　補訂版, 978-4130421423, 東京大学出版会, 2016年, 3456円.
井伊雅子・五十嵐中・中村良太，新医療経済学， 978-4535559233，日本評論社，2019年，2,530円．
河口洋行, 医療の経済学 第4版, 978-4535559967, 日本評論社, 2020年, 2750円.
--------------------------------------------------
【授業で学べる「テーマ」】
--------------------------------------------------
健康長寿
--------------------------------------------------
【全学横断特別教育プログラム】
--------------------------------------------------
ローカル･イノベーター養成コース,ライフクリエイター養成コース
--------------------------------------------------
【添付ファイル】
--------------------------------------------------
なし
"
理学部,,卒業研究,https://campus-3.shinshu-u.ac.jp/syllabusj/Text?NENDO=2026&BUKYOKU=S&CODE=SA801400,"--------------------------------------------------
【授業題目】
--------------------------------------------------
卒業研究
--------------------------------------------------
【英文授業名】
--------------------------------------------------
Senior Project
--------------------------------------------------
【担当教員】
--------------------------------------------------
宮西　吉久 他
--------------------------------------------------
【副担当】
--------------------------------------------------

--------------------------------------------------
【登録コード】
--------------------------------------------------
SA801400
--------------------------------------------------
【講義期間】
--------------------------------------------------
通年(集中)
--------------------------------------------------
【曜日・時限】
--------------------------------------------------
集中･不定期
--------------------------------------------------
【単位数】
--------------------------------------------------
12
--------------------------------------------------
【授業形態】
--------------------------------------------------
演習
--------------------------------------------------
【講義室】
--------------------------------------------------

--------------------------------------------------
【対象学年】
--------------------------------------------------
4年
--------------------------------------------------
【備考】
--------------------------------------------------
必修　◇担当教員：数理・自然情報科学科全教員
--------------------------------------------------
【市民開放授業】
--------------------------------------------------
否
--------------------------------------------------
【県内大学開放授業】
--------------------------------------------------
否
--------------------------------------------------
【信大コンピテンシー】
--------------------------------------------------
非該当
--------------------------------------------------
【授業の達成目標】
【授業で得られる「学位授与の方針」要素】
【【授業の達成目標】】
【対象学生】
--------------------------------------------------
【2023年度以降ｶﾘｷｭﾗﾑ対象】理学の基礎知識と専門知識を活用して課題を発見し取り組み、その成果を社会に役立てる力
数学の技能を活用し，数学における計算・理論・概念について説明することができるようになる。
２６Ｓカリ, ２５Ｓカリ, ２４Ｓカリ, ２３Ｓカリ
--------------------------------------------------
【授業の概要】
--------------------------------------------------
各ゼミナールごとに個人の輪読形式を基本として授業を進める。
--------------------------------------------------
【授業のキーワード】
--------------------------------------------------
数理･自然情報学の専門的知識を身につける。
数理･自然情報学に関する技術を理解できる。
数理･自然情報学の技能を活用できる。
数理･自然情報学について説明することができる。
--------------------------------------------------
【授業計画】
--------------------------------------------------
各ゼミナールごとに年間の授業計画を立てる。最後のゼミナールの時間に授業アンケートを行う。
--------------------------------------------------
【成績評価の方法】
--------------------------------------------------
卒業研究の研究論文又は研究発表について、非常に優れている者については秀、優れている者については優、ある程度良い者については良、最低限のレベルが有るとした者については可、最低限のレベルもないと判断したものについては不可で判定する。
--------------------------------------------------
【成績評価の基準】
--------------------------------------------------
秀: 授業の達成目標の水準から見て卓越している
優: 授業の達成目標の水準よりかなり上にある
良: 授業の達成目標の水準よりやや上にある
可: 授業の達成目標の水準にある
不可(D): 授業の達成目標の水準よりやや下にある
不可(F): 授業の達成目標の水準にない

--------------------------------------------------
【事前事後学習の内容】
--------------------------------------------------
ゼミナール終了後に毎回、次回ゼミナールのための課題を出す。
--------------------------------------------------
【履修上の注意】
--------------------------------------------------
卒業研究ゼミナールは、これまで以上に専門性の高い教科書を購読することで現代数学、および数理科学を理解することが目的である。受講者は十分に時間を費やして予習することが求められている。
--------------------------------------------------
【質問,相談への対応】
--------------------------------------------------
各教員が、いつでも対応する。
--------------------------------------------------
【教科書】
--------------------------------------------------
各ゼミナールごとに決める。
--------------------------------------------------
【参考書】
--------------------------------------------------

--------------------------------------------------
【授業で学べる「テーマ」】
--------------------------------------------------
その他
--------------------------------------------------
【全学横断特別教育プログラム】
--------------------------------------------------

--------------------------------------------------
【添付ファイル】
--------------------------------------------------
なし
"
理学部,,セミナー,https://campus-3.shinshu-u.ac.jp/syllabusj/Text?NENDO=2026&BUKYOKU=S&CODE=SB801400,"--------------------------------------------------
【授業題目】
--------------------------------------------------
セミナー
--------------------------------------------------
【英文授業名】
--------------------------------------------------
Seminar
--------------------------------------------------
【担当教員】
--------------------------------------------------
加藤　千尋
--------------------------------------------------
【副担当】
--------------------------------------------------

--------------------------------------------------
【登録コード】
--------------------------------------------------
SB801400
--------------------------------------------------
【講義期間】
--------------------------------------------------
通年(集中)
--------------------------------------------------
【曜日・時限】
--------------------------------------------------
集中･不定期
--------------------------------------------------
【単位数】
--------------------------------------------------
2
--------------------------------------------------
【授業形態】
--------------------------------------------------
演習
--------------------------------------------------
【講義室】
--------------------------------------------------

--------------------------------------------------
【対象学年】
--------------------------------------------------
4年
--------------------------------------------------
【備考】
--------------------------------------------------
必修 担当教員：物理学コース全教員
--------------------------------------------------
【市民開放授業】
--------------------------------------------------
否
--------------------------------------------------
【県内大学開放授業】
--------------------------------------------------
否
--------------------------------------------------
【信大コンピテンシー】
--------------------------------------------------
非該当
--------------------------------------------------
【授業の達成目標】
【授業で得られる「学位授与の方針」要素】
【【授業の達成目標】】
【対象学生】
--------------------------------------------------
【2023年度以降ｶﾘｷｭﾗﾑ対象】理学の基礎知識と専門知識を活用して課題を発見し取り組み、その成果を社会に役立てる力
物理学の知識を使って自然現象を理解する。
２６Ｓカリ, ２５Ｓカリ, ２４Ｓカリ, ２３Ｓカリ
--------------------------------------------------
【授業の概要】
--------------------------------------------------
研究室ごとに4月に説明します。最後に授業アンケートを行います。
--------------------------------------------------
【授業のキーワード】
--------------------------------------------------
「自然科学の基礎知識」，「自然科学に関する知識の応用」，「物理学の知識」，「論理的な思考」，「物理に関する応用技術の理解」
--------------------------------------------------
【授業計画】
--------------------------------------------------
研究室ごとに4月に説明します。
--------------------------------------------------
【成績評価の方法】
--------------------------------------------------
セミナーへの取組状況をもとに評価します。
--------------------------------------------------
【成績評価の基準】
--------------------------------------------------

--------------------------------------------------
【事前事後学習の内容】
--------------------------------------------------

--------------------------------------------------
【履修上の注意】
--------------------------------------------------
実験に携わる際には「安全の手引き」を熟読して安全対策に努めること。
--------------------------------------------------
【質問,相談への対応】
--------------------------------------------------
指導教員が随時対応する。
--------------------------------------------------
【教科書】
--------------------------------------------------
特に指定しない。
--------------------------------------------------
【参考書】
--------------------------------------------------
特に指定しない。
--------------------------------------------------
【授業で学べる「テーマ」】
--------------------------------------------------
その他
--------------------------------------------------
【全学横断特別教育プログラム】
--------------------------------------------------

--------------------------------------------------
【添付ファイル】
--------------------------------------------------
なし
"
理学部,,線形代数学演習Ⅰ,https://campus-3.shinshu-u.ac.jp/syllabusj/Text?NENDO=2026&BUKYOKU=S&CODE=SA401100,"--------------------------------------------------
【授業題目】
--------------------------------------------------
線形代数学演習Ⅰ
--------------------------------------------------
【英文授業名】
--------------------------------------------------
Exercise in Linear AlgebraⅠ
--------------------------------------------------
【担当教員】
--------------------------------------------------
和田　堅太郎
--------------------------------------------------
【副担当】
--------------------------------------------------

--------------------------------------------------
【登録コード】
--------------------------------------------------
SA401100
--------------------------------------------------
【講義期間】
--------------------------------------------------
前期
--------------------------------------------------
【曜日・時限】
--------------------------------------------------
木曜･４時限
--------------------------------------------------
【単位数】
--------------------------------------------------
1
--------------------------------------------------
【授業形態】
--------------------------------------------------
演習
--------------------------------------------------
【講義室】
--------------------------------------------------
理学部第１講義室
--------------------------------------------------
【対象学年】
--------------------------------------------------
1年
--------------------------------------------------
【備考】
--------------------------------------------------
必修
--------------------------------------------------
【市民開放授業】
--------------------------------------------------
否
--------------------------------------------------
【県内大学開放授業】
--------------------------------------------------
否
--------------------------------------------------
【信大コンピテンシー】
--------------------------------------------------
非該当
--------------------------------------------------
【授業の達成目標】
【授業で得られる「学位授与の方針」要素】
【【授業の達成目標】】
【対象学生】
--------------------------------------------------
【2023年度以降ｶﾘｷｭﾗﾑ対象】幅広い教養および理学の基礎知識
線形代数学に関して，計算および論理的事項を理解できるようになる．
２６Ｓカリ, ２５Ｓカリ, ２４Ｓカリ, ２３Ｓカリ
【2023年度以降ｶﾘｷｭﾗﾑ対象】理学の各分野における専門知識
線形代数学に関して，計算および論理的事項を理解できるようになる．
２６Ｓカリ, ２５Ｓカリ, ２４Ｓカリ, ２３Ｓカリ
【2023年度以降ｶﾘｷｭﾗﾑ対象】専門知識や観察・実験などによって問題を理解・解決し、その成果を的確に他者に伝える力
線形代数学に関して，計算および論理的事項を理解できるようになる．
２６Ｓカリ, ２５Ｓカリ, ２４Ｓカリ, ２３Ｓカリ
--------------------------------------------------
【授業の概要】
--------------------------------------------------
講義「線形代数学I」の内容に沿って関連する問題を解く．演習問題を解くことにより，行列の演算，行列の基本変形，連立1次方程式の解法，行列式の計算を理解することが求められる．
--------------------------------------------------
【授業のキーワード】
--------------------------------------------------
ベクトル，行列，行列式，連立一次方程式
--------------------------------------------------
【授業計画】
--------------------------------------------------
 1. ベクトル
 2. 行列の算法 (1)
 3. 行列の算法 (2)
 4. 正方行列
 5. 連立一次方程式 (1)
 6. 連立一次方程式 (2), 行列の階数
 7. 基本行列
 8. 前半のまとめ
 9. 置換
10. 行列式の定義
11. 行列式の性質 (1)
12. 行列式の性質 (2)
13. 行列式の展開
14. クラメールの公式
15. 行列式の応用，授業アンケート
--------------------------------------------------
【成績評価の方法】
--------------------------------------------------
レポートによって判断します．詳しくは初回の演習時に説明します.
--------------------------------------------------
【成績評価の基準】
--------------------------------------------------
例題と同様の課題に対してその解決の道筋を理解し，解決の過程をかなりの程度遂行できれば水準にある．
例題と同様の課題を独力で解決できればやや上にある．
例題よりやや複雑な課題を独力で解決できればかなり上にある．
例題より複雑な課題を独力で解決でき，論理的に整理した答案を書くことができれば卓越している．
--------------------------------------------------
【事前事後学習の内容】
--------------------------------------------------
演習を通して，分からないことを解決し，確実な計算能力を身につけるように取り組む．
--------------------------------------------------
【履修上の注意】
--------------------------------------------------
線形代数学Iの理解を深めるために，演習中に解けなかった問題を各自，解いておくことが大切である．分からないことは放置せずに，演習の時間を利用して質問するなどして解決すること．
--------------------------------------------------
【質問,相談への対応】
--------------------------------------------------
随時対応します．
--------------------------------------------------
【教科書】
--------------------------------------------------
信州大学数学教科書編集委員会編, [基礎理学教科書] 線形代数学, 学術図書出版社
--------------------------------------------------
【参考書】
--------------------------------------------------
講義中に随時紹介します．
--------------------------------------------------
【授業で学べる「テーマ」】
--------------------------------------------------
その他
--------------------------------------------------
【全学横断特別教育プログラム】
--------------------------------------------------

--------------------------------------------------
【添付ファイル】
--------------------------------------------------
なし
"
医学部,,医学概論Ⅰ,https://campus-3.shinshu-u.ac.jp/syllabusj/Text?NENDO=2026&BUKYOKU=M&CODE=M0100300,"--------------------------------------------------
【科目名】
--------------------------------------------------
医学概論Ⅰ
--------------------------------------------------
【英文授業名】
--------------------------------------------------
Overview of Medicine 1
--------------------------------------------------
【担当教員】
--------------------------------------------------
森　淳一郎
--------------------------------------------------
【副担当】
--------------------------------------------------
田中　直樹
--------------------------------------------------
【科目番号】
--------------------------------------------------
M01003
--------------------------------------------------
【講義期間】
--------------------------------------------------
通年
--------------------------------------------------
【曜日・時限】
--------------------------------------------------
月曜･３時限
--------------------------------------------------
【単位数】
--------------------------------------------------
2
--------------------------------------------------
【授業形態】
--------------------------------------------------
演習
--------------------------------------------------
【講義室】
--------------------------------------------------
医学科第２実習室
--------------------------------------------------
【学年】
--------------------------------------------------
1年次
--------------------------------------------------
【題目（副題）】
--------------------------------------------------
早期体験　医学の歩みと未来を考える
--------------------------------------------------
【市民開放授業】
--------------------------------------------------
否
--------------------------------------------------
【県内大学開放授業】
--------------------------------------------------
否
--------------------------------------------------
【信大コンピテンシー】
--------------------------------------------------
該当
--------------------------------------------------
【授業の達成目標】
【授業で得られる「学位授与の方針」要素】
【授業達成目標】
【対象学生】
--------------------------------------------------
≪基礎的･専門的な知識と技能≫疾病の正確な診断と適切な治療を遂行するための幅広い知識と高度な技能を修得している。
疾病の正確な診断と適切な治療を遂行するための幅広い知識と高度な技能を修得している。
M26カリ･医学, M25カリ･医学, M24カリ･医学, M23カリ･医学
≪プロフェッショナリズム≫温かい人間性や高い倫理観を裏付ける幅広い教養を身につけ，社会の健全な発展のために行動できる。
温かい人間性や高い倫理観を裏付ける幅広い教養を身につけ，社会の健全な発展のために行動できる。
M26カリ･医学, M25カリ･医学, M24カリ･医学, M23カリ･医学
--------------------------------------------------
【臨床実習前の到達目標】
--------------------------------------------------
・
・
・
・
・
・
・
・
・
・
・
・
・
・
--------------------------------------------------
【授業のキーワード】
--------------------------------------------------
医学概論講義：科学と医術，医学史，健康，倫理，コミュニケーション，医療システム，医療経済，医療と安全，医師の使命，地域医療，
早期体験実習：医療・介護・福祉，高齢者，人間の尊厳，信州，フィールド学習
信州大学の基礎研究を知る
国際共修
自分の取り得るキャリアについて知る。
実務経験のある教員による授業科目
--------------------------------------------------
【授業の概要・一般目標】
--------------------------------------------------
医療と医学研究における倫理の重要性について概説できる。
患者及びその家族の秘密を守り、医師の義務や医療倫理を遵守するとともに、患者の安全を最優先し、常に患者中心の立場に立つことの重要性について概説できる。
自分の力で課題を発見し、自己学習によってそれを解決するための能力を身に付ける。
患者やその家族との対話を通じて、良好な人間関係を築くためのコミュニケーション能力について概説できる。
患者の個別的背景を理解し、問題点を把握することの重要性を概説できる。
地域医療・地域保健の在り方と現状及び課題を概説できる。
医学・医療の進歩と改善に資するために研究を遂行する意欲を身に付ける。
生涯にわたり自己研鑽を続けることの大切さについて概説できる。
生活習慣とそのリスクについて概説できる。
個体及び集団をとりまく環境諸要因の変化による個人の健康と社会生活への影響について概説できる。
地域医療・地域保健の在り方と現状及び課題について概説できる。
保健・医療・福祉・介護の制度について概説できる。
緩和ケアについて概説できる。

早期体験実習：
１）礼儀正しく患者（施設利用者）や家族と接することができる．
２）礼儀正しく謙虚に職員と接することができる．
３）患者の苦痛や障害に配慮できる．
４）患者・障害者の人格を尊重した人間関係を築くことができる．
５）高齢者介護や障害者医療におけるチーム連携について説明できる．

該当コアカリキュラム
PR-01～03：プロフェッショナリズム
GE-01-03：患者中心の医療
RE-01：医学研究における能動的姿勢と探求心
IT-01:情報・科学技術に向き合うための準備

--------------------------------------------------
【授業計画】
--------------------------------------------------

--------------------------------------------------
【成績評価の方法】
--------------------------------------------------
期末試験を40点、授業中の小レポート等40点、早期体験実習20点、教員評価を10点とし、合計点にて評価を行う。ただし、合計点は100点は超えないものとする。
期末試験では主に医学英語の定着度合いを確認する。
授業中の小レポートでは、医学/医師の仕事に対する理解度を確認する。

※なお、感染症の流行等の理由により、早期体験実習が実施できない場合には期末試験を60点とする。

期末試験では、各授業日に掲げてある内容を達成しているかをはかる。


【全体を通して】
専門家の話を聞いて、自身の問題として考えることを促すことを重視する授業となっていることから、学外講師の授業については参加必須とし、学外講師の授業を欠席する毎に成績から減点する。


--------------------------------------------------
【成績評価の基準】
--------------------------------------------------
早期体験実習の発表およびレポートをふくめ、授業への取り組み状況、期末試験、レポートおよび発表の内容により評価する．
小レポートは、各授業後に、授業内容について再度考えることを促す内容とする。

合計が60点未満は不可とする。


全ての回に出席することを基本とします。この授業の達成目標に到達するために必要な出席回数（およそ８割程度）に出席が満たない場合は、単位を認めない場合があります。欠席した場合の学修補充については、信州大学医学部医学科履修及び試験内規に従います。
--------------------------------------------------
【事前事後学習の内容】
--------------------------------------------------
課題については、授業中、指示をする。

本授業の単位修得には32時間分の時間外学習が必要です。
--------------------------------------------------
【履修上の注意】
--------------------------------------------------
医学概論の中間部分で行なわれる早期体験実習は，信州大学の医学部生の将来のために，各施設の皆様のご理解とご指導により成り立っていることを深く認識し，謙虚な気持ちで実習させて頂く姿勢を忘れないで頂きたい．

講義，実習のいずれについても，遅刻や無断欠席など社会規範を遵守しない態度は許されない．

講義室は，第２実習室を使用する．個々の日程と講義室については教員からその都度連絡する．
--------------------------------------------------
【教員連絡先内線】
--------------------------------------------------
森淳一郎(5821)　
--------------------------------------------------
【授業の形式，視聴覚機器等の活用】
--------------------------------------------------
医学概論講義：パワーポイントなどを用いた講義形式およびグループ討論．

早期体験実習：各施設において終日実習を行う．
--------------------------------------------------
【学生へのメッセージ並びにオフィスアワー（質問，相談への対応）】
--------------------------------------------------
医学概論は，医学への高い志を持って入学してきた学生諸君が最初に経験する医学教育である．医学の素晴らしさとその責任の重さ，社会からの期待を感じ取り，その高い志をさらに高めるべく真摯に学んでいただきたい．

連絡先：森淳一郎（医学教育研修センター：内線5821、jimori@shinshu-u.ac.jp）
田中直樹（国際交流推進室：naopi@shinshu-u.ac.jp)
--------------------------------------------------
【テキスト，教材，参考書】
--------------------------------------------------
その他の参考図書は講義の際に適宜紹介する．
--------------------------------------------------
【記入者E-Mail（問い合わせ用）】
--------------------------------------------------

--------------------------------------------------
【授業で学べる「テーマ」】
--------------------------------------------------
地域運営,健康長寿,防災減災,キャリア
--------------------------------------------------
【全学横断特別教育プログラム】
--------------------------------------------------

--------------------------------------------------
【添付ファイル】
--------------------------------------------------
なし
"
医学部,,老年看護学実習Ⅱ（老人保健施設実習）【20M・21M】,https://campus-3.shinshu-u.ac.jp/syllabusj/Text?NENDO=2026&BUKYOKU=M&CODE=MH127400,"--------------------------------------------------
【科目名】
--------------------------------------------------
老年看護学実習Ⅱ（老人保健施設実習）【20M・21M】
--------------------------------------------------
【英文授業名】
--------------------------------------------------
Geriatric Nursing：Clinical Practice Ⅱ
--------------------------------------------------
【担当教員】
--------------------------------------------------
會田　信子 他
--------------------------------------------------
【副担当】
--------------------------------------------------
塚田　尚子
--------------------------------------------------
【登録コード】
--------------------------------------------------
MH127400
--------------------------------------------------
【講義期間】
--------------------------------------------------
不定期
--------------------------------------------------
【曜日･時限】
--------------------------------------------------
集中･不定期
--------------------------------------------------
【単位数】
--------------------------------------------------
2
--------------------------------------------------
【授業形態】
--------------------------------------------------
実習
--------------------------------------------------
【講義室】
--------------------------------------------------

--------------------------------------------------
【対象専攻/学年】
--------------------------------------------------
看護学専攻/３・４年
--------------------------------------------------
【授業科目区分】
--------------------------------------------------
専攻専門科目　必修
--------------------------------------------------
【市民開放授業】
--------------------------------------------------
否
--------------------------------------------------
【県内大学履修科目】
--------------------------------------------------
否
--------------------------------------------------
【信大コンピテンシー】
--------------------------------------------------
該当
--------------------------------------------------
【授業の達成目標】
【授業で得られる「学位授与の方針」要素】
【授業の達成目標】
【対象学生】
--------------------------------------------------
生命を尊び、人間についての幅広い知識を身に付け、対象を全人的に理解して、人々の健康を支援することができる。
家族に対する尊厳あるケアのあり方を振り返り、自己の老年看護観を記述できる。
MH20カリ･保健
保健・医療において生じている現象を分析し、健康問題を解決するために必要な科学的根拠に基づいた判断の進め方について理解することができる。
高齢者の健康状態や生活機能、環境および人生観などの情報から、看護問題（ニーズ）を科学的、全人的に分析し、高齢者の生命活動とQOLを維持し高めるための援助方法を記述できる。
MH20カリ･保健
保健・医療の専門職者として必要な感性を磨き、基本的知識・技術を獲得して、さまざまな状況で活用できる。
看護師に必要な老年看護学の知識･技能を修得し、介護老人保健施設での高齢者ケアに活用できる。

MH20カリ･保健
保健・医療・福祉の現場において、専門職者として自己の責任を自覚し、チームの一員として協働活動に参加できる。
高齢者やその家族、チーム関係者とコミュニケーションをとりながら適切な関係を形成し、自身の対人関係形成･協働力について振り返ることができる。
MH20カリ･保健
多くの学問分野に接して幅広い教養と探求的、創造的思考を身に付け、保健・医療の専門職者として必要な学修課題や目標を自ら設定し、常に課題の克服や目標達成に取り組むことができる。
高齢者ケアにおける倫理的･法的･社会的課題を多面的に分析し、課題克服に向けての方法について考察し記述できる。
MH20カリ･保健
--------------------------------------------------
【授業概要】
--------------------------------------------------
本実習では、介護老人保健施設を利用している高齢者を受け持ち、老年期に特有の疾患･障害および老年症候群などによる生活機能障害に対して、個人のニーズに即した看護支援の基盤となる実践力を習得するとともに、自身の老年看護観を涵養することを目的としています。
　本実習では、2年次の「老年健康生活論」「老年看護学概論」「臨床老年看護論」「老年看護方法論」で学んだ基礎知識をもとに看護ケアの実施・看護問題の分析をすることになります。

※本授業は男女共同参画に関する内容を含んでいます。
※本実習は、担当教員の医療機関や高齢者福祉施設における看護師としての実務経験を活かして指導を行います。
--------------------------------------------------
【授業計画】
--------------------------------------------------
松本市と安曇野市内の介護老人保健施設６施設のいずれかで実施する(１施設に学生３～６名を配置）。
実習期間は２週間。実習時期は別途、ローテーション表を確認のこと。
第１日目（学内）：実習オリエンテーション，技術演習
第２日目（臨地）：施設内オリエンテーション，実習方法に即して実施
第３日目（学内）：実習記録の補完と実習計画に即した自己学習
第４日目（臨地）：実習方法に即して実施
第５日目（臨地）：実習方法に即して実施
第６日目（臨地）：実習方法に即して実施
第７日目（臨地）：実習方法に即して実施
第８日目（学内）：実習記録の補完と実習計画に即した自己学習
第９日目（臨地）：実習方法に即して実施
第10日目（学内）：倫理的･法的･社会的課題のグループワークと共有，実習の総括【授業評価アンケート】
※「学校保健安全法施行規則」第18条第2項にもとづき、新感染症等が発生した場合等には、本学や実習施設の指針･方針を基本としたうえで、実習プログラムを変更する場合があります。

--------------------------------------------------
【成績評価の方法】
--------------------------------------------------
成績評価は、各目標を20％の配分比として、目標の達成度の合計点で実施します。
なお各目標は、次記の方法で評価します；目標１（最終レポート、実習態度）、目標２（実習記録･看護の展開）、目標３（事前課題、初日の技術演習）、目標４（実習記録･コミュニケーションの振り返り、実習態度）、目標５（グループワーク課題）。

--------------------------------------------------
【成績評価の基準】
--------------------------------------------------
成績評価の方法の配分比の合計点にもとづき、判定基準は、90-100点(秀)、80-89点(優)、70-79点(良)、60-69点(可)、60点未満(不可)とします。なお、評価方法の基準は下記の通りとします。
1）最終レポートと事前課題（各10点）：①指定された課題に即した内容である、②誤字脱字がなく、主述関係が明確で、適切な文章表現である、③提出フォームが指定用紙･書式にそっている、④引用･参考した箇所について指定書式にそって明記されている、⑤指定期日までにeALPSに提出されている。
2）実習態度（20点）：実習ガイドライン『Ⅴ.看護学生の倫理』に則った行動･言動がとれているかを基準として評価します。
3）実習記録（各20点）：①提示された課題を理解し必要な記述がされている、②事実(情報)にもとづき、既習の学習知識を活用して分析(情報の意味付け,重みづけ,関連づけ)ができている、③対象を全人的にとらえた看護問題と看護の必要性が記述できている、④その日の実習体験をもとに自身の課題が明らかにされている、⑤記録の遅延がない。
4）グループワーク課題（各10点）：①グループワークでは、メンバーの意見･反応等に応じながら、協働的･建設的に参加している、②発表では、聞き取りやすく（声の大きさ、抑揚など）、理解しやすい話し方で伝えている、③意見交換では、発表者に意識を向けて静かに聞いて、発表者に不快な態度をとらない、④課題内容は、専門的視点から分析し、他グループからの質問を踏まえながら論理的に説明できている、⑤指定された期日に課題を提出し、時間内に発表をしている。

--------------------------------------------------
【事前事後学習の内容】
--------------------------------------------------
【事前学習】
事前学習課題があります。指定期日までに実施して下さい。また、これまでの学習内容を復習しておいて下さい。配置された実習施設の情報を収集し、実習前にかならず下見に行って、交通手段や所要時間などを確認して下さい。
【事後学習】
実習記録の中で、日々の学習課題を指示しますので行って下さい。その他、現場での体験から生じた疑問点などは、主体的に調べたり、同級生とディスカッションしたりして下さい。
※本授業の単位取得には90時間の学習が必要です

--------------------------------------------------
【授業の進め方】
--------------------------------------------------
1）事前課題と学内演習を通して、老年看護学に必要な知識･技術の基礎的事項の理解を深める。
2）施設見学をしながら、施設の設置理念・目的、利用している高齢者の特徴、事業内容、施設設備の構造・特徴、職種、職員数および日課・週課などの説明を施設担当者から受ける。
3）高齢者の生命活動とQOLを維持し高めるための援助方法のあり方を検討するために、高齢者1名を受け持ち、ケア･処置の見学･実施を通して、看護を展開する。
4）受け持ち高齢者とのコミュニケーションを振り返り、コミュニケーション機能の変化に配慮した関係性のあり方を記述する。
5）日々のカンファレンスや実習記録を通して、看護師として生命を尊ぶ倫理観と責務･行動規範、高齢者･家族に対する尊厳あるケアのあり方について考え、意見交換をする。
6）グループワークにより、家族を含めた高齢者ケアにおける倫理的・法的・社会的課題に関するテーマを取り上げ、今後の展望を考察し発表･意見交換をする。
7）実習での体験や学びを通して、自身の老年看護観をレポートにまとめる。

--------------------------------------------------
【学生へのメッセージ並びに質問，相談への対応】
--------------------------------------------------
・国家試験受験資格の必須科目です。無断で欠席した場合は、単位認定を受けることができません。
・実習記録は、電子記録で行います。個人情報保護の取扱いには十分に注意して下さい。
・オフィスアワーは随時としています。実習を直接指導する五十嵐（助教）に、事前にメールでアポイントをとって下さい。
実習指導担当者：塚田尚子，igarashi_naoko@shinshu-u.ac.jp
科目責任者：會田信子，aida@shinshu-u.ac.jp

--------------------------------------------------
【テキスト，教材，参考書】
--------------------------------------------------
テキスト：
1)會田信子他(編),最新老年看護学(最新版),日本看護協会出版会
2)堀内ふき他(編),ナーシング・グラフィカ老年看護学②(最新版),メディカ出版．
3)野尻晋一(著),リハビリテーションからみた介護技術(最新版),中央法規．
参考書：実習中に、随時、提示します。

--------------------------------------------------
【授業で学べる「テーマ」】
--------------------------------------------------
地域運営,健康長寿
--------------------------------------------------
【全学横断特別教育プログラム】
--------------------------------------------------

--------------------------------------------------
【添付ファイル】
--------------------------------------------------
なし
"
医学部,,小児発達看護学実習【20M～24M】,https://campus-3.shinshu-u.ac.jp/syllabusj/Text?NENDO=2026&BUKYOKU=M&CODE=MH132400,"--------------------------------------------------
【科目名】
--------------------------------------------------
小児発達看護学実習【20M～24M】
--------------------------------------------------
【英文授業名】
--------------------------------------------------
Practice in Child Health Nursing
--------------------------------------------------
【担当教員】
--------------------------------------------------
佐藤　奈保 他
--------------------------------------------------
【副担当】
--------------------------------------------------
中山　佳子 川田　悠介 平林　優子
--------------------------------------------------
【登録コード】
--------------------------------------------------
MH132400
--------------------------------------------------
【講義期間】
--------------------------------------------------
不定期
--------------------------------------------------
【曜日･時限】
--------------------------------------------------
集中･不定期
--------------------------------------------------
【単位数】
--------------------------------------------------
2
--------------------------------------------------
【授業形態】
--------------------------------------------------
実習
--------------------------------------------------
【講義室】
--------------------------------------------------

--------------------------------------------------
【対象専攻/学年】
--------------------------------------------------
看護学専攻/３・４年
--------------------------------------------------
【授業科目区分】
--------------------------------------------------
専攻専門科目　必修
--------------------------------------------------
【市民開放授業】
--------------------------------------------------
否
--------------------------------------------------
【県内大学履修科目】
--------------------------------------------------
否
--------------------------------------------------
【信大コンピテンシー】
--------------------------------------------------
該当
--------------------------------------------------
【授業の達成目標】
【授業で得られる「学位授与の方針」要素】
【授業の達成目標】
【対象学生】
--------------------------------------------------
生命を尊び、人間についての幅広い知識を身に付け、対象を全人的に理解して、人々の健康を支援することができる。
看護の対象である子どもを発達主体として全人的に理解して支援するすることを実習を通して理解し、一部を計画して実施することができる。
MH22カリ･保健, MH20カリ･保健
保健・医療において生じている現象を分析し、健康問題を解決するために必要な科学的根拠に基づいた判断の進め方について理解することができる。
実習の受け持ち患者の看護過程（情報収集、計画、実践、評価とフィードバック）、見学等を通して、子どもの身体的、心理的、社会的に最適な健康状態を目指した看護支援を系統的に実践する能力を養う。
MH22カリ･保健, MH20カリ･保健
保健・医療の専門職者として必要な感性を磨き、基本的知識・技術を獲得して、さまざまな状況で活用できる。
実際の患者や家族との関りを通して、子どもおよび親家族を尊重した関りを理解し、対象に合った実践を行う能力を養う。
MH22カリ･保健, MH20カリ･保健
保健・医療・福祉の現場において、専門職者として自己の責任を自覚し、チームの一員として協働活動に参加できる。
看護の専門者として自らの看護感を深め、専門職としての自覚を高める。またチームの一員としての協働を理解し、一部実施することができる。
MH22カリ･保健, MH20カリ･保健
≪基礎的･専門的な知識と技能≫看護専門職者に必要な幅広い教養と基礎的･専門的な知識･技能を修得し，さまざまな状況で活用できる。
既存の知識・技術を実習の場で、患者や家族との関わりを通して統合し、実践において活用できる知識・技能に発展させる。
MH25カリ･保健･看護, MH23カリ･保健･看護
≪科学的探求力≫変化し続ける社会で派生する多様な課題に対して，地域･国際的な視点から，科学的･倫理的･道徳的･創造的に課題に対応していく探究心と，課題克服や目標達成に向けて生涯をかけて取り組む力が身についている。
実習の中で生じている課題について、課題の背景にある医療、社会、制度についても考え、既存の学修によって身に着けた知識・技術のみならず、実践現場での倫理的・道徳的な判断を身につけ、創造的に課題解決に向けた行動をとれるようにする。
MH25カリ･保健･看護, MH23カリ･保健･看護
≪問題解決力≫保健･医療･福祉の場で生じる多様な情報を，科学的･多角的に収集･評価･分析し，最新情報と科学的根拠に基づいて判断を行うとともに関係者に伝えることができる。
実習の受け持ち患者の看護過程（情報収集、アセスメント、計画、実践、評価とフィードバック）、見学等を通して、子どもの身体的、精神的、社会的に最適な健康状態を目指した看護支援を系統的に実践する能力を養う。
MH25カリ･保健･看護, MH23カリ･保健･看護
≪対人関係形成･協働力≫保健･医療･福祉の現場における対象者やその家族，チーム関係者とコミュニケーションをとりながら適切な関係を形成し，看護専門職者として協働的に役割を担うことができる。
患者や家族との信頼関係を構築し、小児に関わるチーム関係者の役割を理解し、チームの中でよい関係を形成し、適切なコミュニケーションの在り方を考え実習を実施できる。
MH25カリ･保健･看護, MH23カリ･保健･看護
≪プロフェッショナリズム≫看護専門職者として生命を尊ぶ倫理観と責務･行動規範を身に付け，人々の健康と社会の発展に向けて省察的･自律的に行動することができる。
子ども及び親家族の価値観を尊重し、誠意をもって真摯な態度で関わる。子どもや家族との相互作用を通して、子どもや家族に関わる自己の在り方を省察する。実習を通して自らの看護観を深め、専門職者としての自覚を高める。
MH25カリ･保健･看護, MH23カリ･保健･看護
--------------------------------------------------
【授業概要】
--------------------------------------------------
小児専門病院または大学病院の小児科病棟での実践ならびに、小児に関連する各部署の見学実習を通して子どもと家族への支援を学びます。
病棟では原則として1例の子どもを受け持ち、入院中の子どもおよび家族への看護過程の展開を通して、小児看護の実践能力を養います。
大学病院においては小児科外来で、小児専門病院では、外来、PICU、手術室の見学実習を通して、子どもや家族のニーズ、各部署の特徴、看護の役割を学びます。
これらの経験の中で、小児、家族の尊厳を擁護する看護職の役割を学びます。
本科目は、担当教員の医療機関等での実務経験を活かして実習指導を行います。
本実習は、「小児発達健康論」「小児発達看護学概論」「小児発達看護方法論」を専門領域の看護の基盤知識として用いますが、基礎看護学、成人看護学等で学んだ基本的な各科目の看護の知識・技術についても小児を対象とした患者に応用して用います。

--------------------------------------------------
【授業計画】
--------------------------------------------------
3年次は、2026年8月31日～2027年1月22日、4年次は2027年6月中に1クール、合わせて9クール実施する。各グループが1クール2週間の実習を1回実施する。
基本的な日程（祝日等で調整が必要な場合はグループごとに伝える）
1.必要な事前学習内容を伝えるので、各自事前学習を行う。
2.実習初日：実習に必要な看護技術の演習ならびに事前学習内容の確認や追加
3.2日目（病棟初日）病棟のオリエンテーションと情報収集、日常生活ケアの見学等
4.3日目～病棟実習終了日（大学病院・小児専門病院で異なる）対象の患者に応じた情報集、アセスメント、看護計画、実践、評価、修正を行い、看護過程を展開する。
5 受け持ち患者について、本学の小児科医師からの臨床講義を受ける。
6.毎日のカンファレンスにより、看護のアセスメント、計画、実践を発展させる。
7.中間カンファレンスが可能な場合は（グループにより異なる）、アセスメント、看護問題や目標を共有し、さらなる実践に活かすための共有の時間を持つ。
8.大学病院では小児科外来（半日間）、小児専門病院においては（1.5日）、外来、PICU、手術に分かれて見学実習を行う。
9.病棟実習最終日には、病棟ごとに指導者を交えて実習に関する最終カンファレンスを、行い、学びを共有して深める。
10.大学病院では、病棟実習最終日に、小児専門病院では各部署の最終日にカンファレンスを行い、各部署での学びについて共有し学びを深める。
11.実習最終日：学内で実習全体のカンファレンス：実習目標達成のために、実習期間では難しかった内容、深めきれなかった課題について検討し、グループで共有する。実習の自己評価、個人面談による評価を行う。授業アンケートの実施。
12.実習記録を実習目標が達成できる形にまとめて提出する。
--------------------------------------------------
【成績評価の方法】
--------------------------------------------------
看護の実施内容、実習記録、実習態度、カンファレンスへの参加内容を成績評価の対象とし、成績評価の基準に従って総合点に評価し、100点満点とし、60点以上を合格水準とする。
--------------------------------------------------
【成績評価の基準】
--------------------------------------------------
実習評価項目①患者・家族への尊重した態度②多角的な情報収集能力、③子どもや家族を取り巻く政策的な理解、④子どもと家族のセルフケア能力および家族機能の査定、⑤対象に見合った看護計画の立案、⑥状況に適した看護実践、⑦実施の分析評価・さらなる展開へのフィードバック、⑧適切な支援の求め方、⑨事前学習内容や、実習現場での連絡相談報告の適切性を含めた実習態度の視点において、「卓越している（90点～100点）」＝主体的・積極的に適切な判断の元に実施でき、看護を発展できるとします。「かなり上にある（80点～89点）」＝必要時支援を主体的に得ながら自ら展開する力がある・「やや上にある（70～79点）」＝支援者の指摘により必要な自己の学習課題を見出し自ら取り組むことによって学習目標を達成できる、「水準にある（60点～69点）」＝学習する上での課題や方法について指導を受け、実習目標を達成できるとします。提出すべき記録がない場合は、１記録につき－１点とします。
--------------------------------------------------
【事前事後学習の内容】
--------------------------------------------------
必要なリソースを用いて、翌日の実践計画を準備し実習に臨んでください。
当日実施した結果を分析・評価し、翌日の計画に活かしてください。
実習指導者や教員から、事前学習・事後学習のアドバイスを受けたら、それに取り組み実習を進めましょう。当日の実践計画なしには実習には参加できませんので、準備して臨んでください。実習前の学習内容を提示するので（受け持ち患者の疾患や病棟の特徴に合わせて出します）、各自自己学習してください。
本授業の単位取得には90時間の学習が必要です。
--------------------------------------------------
【授業の進め方】
--------------------------------------------------
小児専門病院または大学病院の小児科病棟で、子どもを受け持ち、入院中の子どもおよび家族を含めた看護過程の展開を通して、小児看護の実践能力を養います。また種々の見学等を通して、小児看護技術の理解や、子どもへのケアの理解を深めます。
子どもの受け持ちについては2名で1人の患者を受け持つ場合があり、情報交換しながら協力して実習を行います。また、各部署の見学実習や一部の実践への参加を通して、臨床で行われている小児看護の実際を知り、各部署の特徴や看護の役割を学びます。
臨床現場の指導者や様々な職種の方からのアドバイスにより、自己の視点を発展させます。また、院内学級の見学、保育士の活動の見学、病院ならびに病棟の行事への参加等を通して、子どもの権利が保証される入院・医療環境について学びます。
カンファレンスは学生が主体となって開催し、活発なディスカッションにより各自の学びを向上させます。

--------------------------------------------------
【学生へのメッセージ並びに質問，相談への対応】
--------------------------------------------------
患児・家族の方々から直接学ぶことのできる貴重な学習の場・機会です。
学内での学習をしっかり活かし、現場での様々な支援を生かして積極的に実習をして下さい。

相談・連絡
佐藤奈保　研究室：中校舎4階　e-mail:naho_sato@shinshu-u.ac.jp
川田悠介　研究室：中校舎3階　e-mail:yskawada@shinshu-u.ac.jp　
中山佳子　研究室：中校舎4階　e-mail:ynaka@shinshu-u.ac.jp（臨床講義に関連して）


--------------------------------------------------
【テキスト，教材，参考書】
--------------------------------------------------
小児発達健康論・小児発達看護学概論・小児発達看護方法論で指定および授業内で示したテキスト・教材・参考書を適宜用います。また、授業資料を用います。
対象の子どもの疾患・治療や看護について自ら文献を検索し活用します。
特に看護技術のテキストは種々出版されています。受け持ちおよび看護技術等を見学予定の対象に実施される計測・処置・検査等は必ず自分で書籍を用いて確認してください。
--------------------------------------------------
【授業で学べる「テーマ」】
--------------------------------------------------
健康長寿
--------------------------------------------------
【全学横断特別教育プログラム】
--------------------------------------------------

--------------------------------------------------
【添付ファイル】
--------------------------------------------------
なし
"
工学部,,地域環境演習Ⅰ(16T以降),https://campus-3.shinshu-u.ac.jp/syllabusj/Text?NENDO=2026&BUKYOKU=T&CODE=T0008200,"--------------------------------------------------
【授業科目】
--------------------------------------------------
地域環境演習Ⅰ(16T以降)
--------------------------------------------------
【英文授業名】
--------------------------------------------------
Seminar in Environment Protection in the Community 1
--------------------------------------------------
【担当教員】
--------------------------------------------------
榊　和彦 他
--------------------------------------------------
【副担当】
--------------------------------------------------
錦織　広昌 高村　秀紀
--------------------------------------------------
【登録コード】
--------------------------------------------------
T0008200
--------------------------------------------------
【講義期間】
--------------------------------------------------
通年(集中)
--------------------------------------------------
【曜日・時限】
--------------------------------------------------
集中･不定期
--------------------------------------------------
【単位数】
--------------------------------------------------
1
--------------------------------------------------
【授業形態】
--------------------------------------------------
演習
--------------------------------------------------
【講義室】
--------------------------------------------------

--------------------------------------------------
【対象学生】
--------------------------------------------------
工学部全学科3年生～4年生（25T以降履修不可）
--------------------------------------------------
【備考】
--------------------------------------------------
2026年度が最終年度（2027年度以降は開講しません）
--------------------------------------------------
【市民開放授業】
--------------------------------------------------
否
--------------------------------------------------
【県内大学開放授業】
--------------------------------------------------
否
--------------------------------------------------
【信大コンピテンシー】
--------------------------------------------------
該当
--------------------------------------------------
【授業の達成目標】
【【授業で得られる「学位授与の方針」要素】】
【【授業の達成目標】】
【対象学生】
--------------------------------------------------
【22T～】共通教育による幅広い教養と，工学の専門分野における基礎学力が身についている。
自然環境に配慮した環境マインドを修得し，環境調和型社会を目指した工学的な取り組みを継続的に行うことができるようになる。
２５Tカリ, ２３Tカリ
【22T～】専門的学力を基礎とし，的確な情報を収集・理解し，これを他の人に発信できる能力が身についている。
工学の専門的学力を基礎として，環境調和型社会の実現のために必要な情報を収集・理解し，これを他者に発信できるようになる。
２５Tカリ, ２３Tカリ
【22T～】様々な課題を見つけ取り組む力が身についている。
環境調和型社会を実現する上での様々な課題を見つけ，それを解決するために工学的な視点から取り組むことができるようになる。
２５Tカリ, ２３Tカリ
--------------------------------------------------
【授業の概要】
--------------------------------------------------
上記の目標を達成するためには，活動のプランからアクションに至るまで自ら主体的に取り組むことが履修学生に求められる（プラン創生型科目）。この意味で，従来の授業のように与えられた知識の習得結果ではなく，実際に行動して成果を自ら導き出す過程が重要になる。

外部環境団体（ながの環境パートナーシップ会議）の一員として学外にて環境保全活動を実施する。実際の活動体験をとおして，環境問題の本質の一端，コミュニケーションとチームワークの重要性，失敗からの学び，社会活動で必要とされるもの，PDCAサイクル駆動のポイントがわかる。
--------------------------------------------------
【授業計画】
--------------------------------------------------
詳細な日程は，第1回のガイダンスで説明します。
なお，後半の学外での活動が主体になります。

第1回　ガイダンス(1)　演習に関する概要説明
第2回　ガイダンス(2)　外部環境団体によるチームの説明,活動チームの希望申告
第3回　ガイダンス(3)　活動チームの決定，PDCAサイクルなどの基礎演習

以後，外部環境団体（ながの環境パートナーシップ会議）の一員として学外にて環境保全活動を実施する。

6月中旬　第1回進捗状況報告会
7月下旬　第2回進捗状況報告会
9月下旬　活動成果発表会（外部環境団体も参加），授業アンケート
--------------------------------------------------
【成績評価の方法】
--------------------------------------------------
履修学生の学び（学んだ事象）を中心に成績を評価する。
特に，PDCAサイクル習得の観点から，「失敗からの学び」は極めて重要であり，「失敗」をPDCAサイクルでいかに克服したかという部分が成績評価のポイントになる。

・活動内容（活動時間，活動内容など活動記録による）：60％
・発表会（質疑応答含む）：20％
・レポート（学びと感想）：20％

注意：学外での実際の活動（発表資料作成など学内向けの活動は含まない）が基準時間数（15H）以下は，不可。
--------------------------------------------------
【成績評価の基準】
--------------------------------------------------
・活動内容：学外での実際の活動（発表資料作成など学内向けの活動は含まない）が基準時間数（15H）以上で，時間と内容に応じて評価する。
・発表会（質疑応答含む）：発表内容，プレゼンテーションの完成度，発表態度で評価する。
・レポート（学びと感想）：内容と表記の完成度などで評価する。
--------------------------------------------------
【事前事後学習の内容】
--------------------------------------------------
＜事前学習＞学外での外部環境団体の一員としての環境保全活動が中心で，必要に応じて，調査などの作業が生じる。

＜事後学習＞授業以外での外部環境団体の一員としての環境保全活動が中心となる。
--------------------------------------------------
【履修上の注意】
--------------------------------------------------
・2026年度が最終開講年度となりますので，必ず今年度に受講ください．よって，2027年度以降は開講しません．
・長野市の環境保全団体『ながの環境パートナシップ会議』の協力を得て，そのチームの一員として活動する。よって，信大生として迷惑をかけるような行動はしないこと。
・必ず保険に加入する（生協の共済保険，学生教育研究災害障害保険と賠償保険（学務係窓口））。
・学外での時間外，休日の活動が中心となり，夏休みに活動する場合がある。
・『(4)成績評価の方法』に示す基準活動時間に注意すること。
・地域の環境保全団体との連絡は，原則としてメールにて行い，その際CCで担当教員にも連絡すること。
・各チームで活動ノートをつけて，活動時間を記録すること。
・資料はe-ALPSにアップするので適宜ダウンロードして活用すること。
・学外活動の移動のための交通費などが必要になる場合がある（外部環境団体からの補助はあるが，全額とはならない）。
・活動成果発表会には，必ず参加すること。
--------------------------------------------------
【質問,相談への対応】
--------------------------------------------------
ガイダンス時に対応する。
ガイダンス以降は，メールで受け付ける。（電話は不在の場合あり）
　榊教員：ksakaki@shinshu-u.ac.jp，（電話　026-269-5112）
　錦織教員：nishiki@shinshu-u.ac.jp（電話　026-269-5536）
　高村教員：takam@shinshu-u.ac.jp （電話　026-269-5360）
　

--------------------------------------------------
【その他】
--------------------------------------------------
『ながの環境パートナシップ会議』は，長野市の環境ビジョンを達成するために設立された市民，事業者，行政の協働の場です。
詳細については，以下のHPを参照ください。
http://nagano-ep.net/
ながの環境パートナーシップ会議の各チームのメンバーは，社会人で企業などでの実務経験者です。
--------------------------------------------------
【教科書】
--------------------------------------------------
指定しない
--------------------------------------------------
【参考書】
--------------------------------------------------
指定しない
--------------------------------------------------
【授業で学べる「テーマ」】
--------------------------------------------------
地域運営,環境共生
--------------------------------------------------
【全学横断特別教育プログラム】
--------------------------------------------------
環境マインド実践人材養成コース
--------------------------------------------------
【添付ファイル】
--------------------------------------------------
なし
"
工学部,,地域環境演習Ⅱ(16T以降),https://campus-3.shinshu-u.ac.jp/syllabusj/Text?NENDO=2026&BUKYOKU=T&CODE=T0009200,"--------------------------------------------------
【授業科目】
--------------------------------------------------
地域環境演習Ⅱ(16T以降)
--------------------------------------------------
【英文授業名】
--------------------------------------------------
Seminar in Environment Protection in the Community 2
--------------------------------------------------
【担当教員】
--------------------------------------------------
榊　和彦 他
--------------------------------------------------
【副担当】
--------------------------------------------------
錦織　広昌 高村　秀紀
--------------------------------------------------
【登録コード】
--------------------------------------------------
T0009200
--------------------------------------------------
【講義期間】
--------------------------------------------------
通年(集中)
--------------------------------------------------
【曜日・時限】
--------------------------------------------------
集中･不定期
--------------------------------------------------
【単位数】
--------------------------------------------------
1
--------------------------------------------------
【授業形態】
--------------------------------------------------
演習
--------------------------------------------------
【講義室】
--------------------------------------------------

--------------------------------------------------
【対象学生】
--------------------------------------------------
工学部全学科3年生～4年生（25T以降履修不可）
--------------------------------------------------
【備考】
--------------------------------------------------
2026年度が最終年度（2027年度以降は開講しません）
--------------------------------------------------
【市民開放授業】
--------------------------------------------------
否
--------------------------------------------------
【県内大学開放授業】
--------------------------------------------------
否
--------------------------------------------------
【信大コンピテンシー】
--------------------------------------------------
該当
--------------------------------------------------
【授業の達成目標】
【【授業で得られる「学位授与の方針」要素】】
【【授業の達成目標】】
【対象学生】
--------------------------------------------------
【22T～】共通教育による幅広い教養と，工学の専門分野における基礎学力が身についている。
自然環境に配慮した環境マインドを修得し，環境調和型社会を目指した工学的な取り組みを継続的に行うことができるようになる。
２５Tカリ, ２３Tカリ
【22T～】専門的学力を基礎とし，的確な情報を収集・理解し，これを他の人に発信できる能力が身についている。
工学の専門的学力を基礎として，環境調和型社会の実現のために必要な情報を収集・理解し，これを他者に発信できるようになる。
２５Tカリ, ２３Tカリ
【22T～】様々な課題を見つけ取り組む力が身についている。
環境調和型社会を実現する上での様々な課題を見つけ，それを解決するために工学的な視点から取り組むことができるようになる。
２５Tカリ, ２３Tカリ
--------------------------------------------------
【授業の概要】
--------------------------------------------------
上記の目標を達成するためには，活動のプランからアクションに至るまで自ら主体的に取り組むことが履修学生に求められる（プラン創生型科目）。この意味で，従来の授業のように与えられた知識の習得結果ではなく，実際に行動して成果を自ら導き出す過程が重要になる。

外部環境団体（ながの環境パートナーシップ会議）の一員として学外にて環境保全活動を実施する。実際の活動体験をとおして，環境問題の本質の一端，コミュニケーションとチームワークの重要性，失敗からの学び，社会活動で必要とされるもの，PDCAサイクル駆動のポイントがわかる。
--------------------------------------------------
【授業計画】
--------------------------------------------------
学外での活動が主体になる。
外部環境団体（ながの環境パートナーシップ会議）の一員として学外にて環境保全活動を実施する。
適宜，進捗状況報告会を行う。
最後に，活動成果発表会，授業アンケートを行う。
--------------------------------------------------
【成績評価の方法】
--------------------------------------------------
履修学生の学び（学んだ事象）を中心に成績を評価する。
特に，PDCAサイクル習得の観点から，「失敗からの学び」は極めて重要であり，「失敗」をPDCAサイクルでいかに克服したかという部分が成績評価のポイントになる。

活動内容（活動時間，活動内容など活動記録による）：50％，発表会（質疑応答含む）：30％，レポート（学びと感想）：20％

ただし，学外での実際の活動（発表資料作成など学内向けの活動は含まない）が基準時間数（15H）以下は，不可。
--------------------------------------------------
【成績評価の基準】
--------------------------------------------------
活動内容，発表会（質疑応答含む），レポート（学びと感想）になり，環境マインドの高さを評価の基準にする。
--------------------------------------------------
【事前事後学習の内容】
--------------------------------------------------
（3）で記載したように，学外での活動が主体になり，外部環境団体の一員として学外にて環境保全活動を実施し，必要な知識や情報などは自分で調査し，それらをもとに自分で考えて，行動する。
--------------------------------------------------
【履修上の注意】
--------------------------------------------------
・2026年度が最終開講年度となりますので，必ず今年度に受講ください．よって，2027年度以降は開講しません．
・地域環境演習Ⅰを取得しておくこと。履修する場合は，担当教員に予めメールで連絡すること。
・地域の環境保全団体『ながの環境パートナシップ会議』の協力を得て，そのチームの一員として活動する。よって，信大生として迷惑をかけるような行動はしないこと。
・必ず保険に加入する（生協の共済保険，学生教育研究災害障害保険と賠償保険（学務係窓口））。
・学外での時間外，休日の活動が中心となり，冬休みや春休みなどに活動する場合がある。
・地域の環境保全団体との連絡は，原則としてメールにて行い，その際CCで担当教員にも連絡すること。
・各チームで活動ノートをつけて，活動時間を記録すること。
・資料はe-ALPSにアップするので適宜ダウンロードして活用すること。
・活動成果発表会には，必ず参加すること。
--------------------------------------------------
【質問,相談への対応】
--------------------------------------------------
質問,受講に関する相談などの対応は，メールで受け付ける。面会をする場合も，できるだけメールで事前に予約してください（電話は不在の場合がある）。
榊教員：ksakaki@shinshu-u.ac.jp，（電話　026-269-5112）　
錦織教員：nishiki@shinshu-u.ac.jp（電話　026-269-5536）
高村教員：takam@shinshu-u.ac.jp （電話　026-269-5360）

--------------------------------------------------
【その他】
--------------------------------------------------
ながの環境パートナシップ会議については，以下のHPを参照ください。
http://nagano-ep.net/
--------------------------------------------------
【教科書】
--------------------------------------------------
指定しない
--------------------------------------------------
【参考書】
--------------------------------------------------
指定しない
--------------------------------------------------
【授業で学べる「テーマ」】
--------------------------------------------------
地域運営,環境共生
--------------------------------------------------
【全学横断特別教育プログラム】
--------------------------------------------------
環境マインド実践人材養成コース
--------------------------------------------------
【添付ファイル】
--------------------------------------------------
なし
"
工学部,,ボランティア特別実習Ⅰ(16T以降),https://campus-3.shinshu-u.ac.jp/syllabusj/Text?NENDO=2026&BUKYOKU=T&CODE=T0013200,"--------------------------------------------------
【授業科目】
--------------------------------------------------
ボランティア特別実習Ⅰ(16T以降)
--------------------------------------------------
【英文授業名】
--------------------------------------------------
Volunteer Activity 1
--------------------------------------------------
【担当教員】
--------------------------------------------------
萩尾　健史
--------------------------------------------------
【副担当】
--------------------------------------------------

--------------------------------------------------
【登録コード】
--------------------------------------------------
T0013200
--------------------------------------------------
【講義期間】
--------------------------------------------------
通年(集中)
--------------------------------------------------
【曜日・時限】
--------------------------------------------------
集中･不定期
--------------------------------------------------
【単位数】
--------------------------------------------------
1
--------------------------------------------------
【授業形態】
--------------------------------------------------
実習
--------------------------------------------------
【講義室】
--------------------------------------------------

--------------------------------------------------
【対象学生】
--------------------------------------------------
物質化学科１～４年生
--------------------------------------------------
【備考】
--------------------------------------------------

--------------------------------------------------
【市民開放授業】
--------------------------------------------------
否
--------------------------------------------------
【県内大学開放授業】
--------------------------------------------------
否
--------------------------------------------------
【信大コンピテンシー】
--------------------------------------------------
該当
--------------------------------------------------
【授業の達成目標】
【【授業で得られる「学位授与の方針」要素】】
【【授業の達成目標】】
【対象学生】
--------------------------------------------------
【22T～】共通教育による幅広い教養と，工学の専門分野における基礎学力が身についている。
社会貢献の大切さを、工学の専門分野を通して体感、理解できるようになる。
２５Tカリ, ２３Tカリ
--------------------------------------------------
【授業の概要】
--------------------------------------------------
ボランティア活動等の課外活動で、本科目の趣旨に合致し、質と量ともに科目単位数に見合う内容の活動に対して、本科目の単位として認定する。
初めに、ボランティア活動の内容と計画について、指導教員（または学年担任）と相談し承認を受ける。次に、学務委員と相談し、活動が単位認定対象となることを確認し、承認を受ける。ボランティア活動を実施し、活動終了後、実施報告書を作成して指導教員（または学年担任）および学務委員と面談し、実施の確認と実施内容の承認を受ける。学務委員が単位認定の手続きを行う。

--------------------------------------------------
【授業計画】
--------------------------------------------------
1.実習計画の作成
2.指導教員（または学年担任）との相談（実習計画等の承認）
3.学務委員との相談（活動内容等の承認）
4.受講申請
5.ボランティア活動の実施
6.指導教員（または学年担任）との面談（実施の報告と確認）
7.学務委員との面談（実施内容の報告と承認）

ボランティア活動の実施にあたっては、活動団体のプログラムに従って実施する。
ボランティア活動後は活動団体責任者が作成した活動証明書（書式自由。ただし、活動団体責任者のサインまたは捺印が必須）を発行してもらうこと。
--------------------------------------------------
【成績評価の方法】
--------------------------------------------------
実験・実習を基準に、30～45時間（=2～3時間×15週）を目安に1単位として認定する。
活動への取り組みの有無は、活動証明書をもって確認する。
活動への取り組み状況は、実施後の面談および実施報告書等から評価する。60点以上を合格とし、評定は信州大学の基準に従い5段階にておこなう。

実施報告書の体裁は自由であるが、以下の項目を記入すること。
　・タイトル
　・提出日
　・学籍番号と氏名
　・ボランティア実施日と時間
　・活動内容
　　(i)参加するボランティアの目的
　　(ii)参加するボランティアの背景
　　(iii)参加するボランティアによる社会貢献の内容
　　(iv)(iii)の社会貢献から自分自身の価値観へのフィードバック
　　(v)(i)～(iv)をふまえて自分の見解

実施報告書には、活動した団体の責任者の署名等を入れること。
--------------------------------------------------
【成績評価の基準】
--------------------------------------------------
実施報告書の内容に対して、以下の観点で評価する。
　(i)参加するボランティアの目的が適切であること、
　(ii)参加するボランティアの背景を説明できていること、
　(iii)参加するボランティアにどのような社会貢献があるかを指摘できていること、
　(iv)(iii)の社会貢献から自分自身の価値観へのフィードバックが説明できていること、
　(v)(i)～(iv)をふまえて自分の見解を提示できていること

その上で、以下の基準で評価する。
「水準にある」　　団体等のボランティア活動に参加し，レポートと活動証明書を提出した場合，
「やや上にある」　団体等のボランティア活動に参加し，本人の積極的な取り組みが認められるレポートと活動証明書を提出した場合，
「かなり上にある」団体等のボランティア活動に参加し，本人の独創的な取り組みが認められるレポートと活動証明書を提出，45時間より長い学修があった場合
「卓越している」　団体等のボランティア活動に参加し，本人の独創的な取り組みが認められるレポートと活動証明書を提出，45時間より長い学修があり，本人の活動に対して団体等から高い評価コメントを得ている場合
--------------------------------------------------
【事前事後学習の内容】
--------------------------------------------------
・ボランティア活動に対する事前自己学習は受け入れ団体の定めに従うこと。
・ボランティアの目的や背景について事前に調査して、ボランティアの具体的な活動を決定する。
・どのように自分が社会貢献できるか自分の考えをまとめ、ボランティアに取り組む。
・ボランティアから学んだこと、新たに見いだされた価値観などを活かして、社会の一員としての自覚を持てるように常に意識して生活する。

--------------------------------------------------
【履修上の注意】
--------------------------------------------------
・事前の指導教員および学務委員の承認を得ずに実施した活動については認定されないので注意すること。
・承認にあたっては、内容がボランティア活動としてふさわしいかどうか、活動時間（期間）が適切であるかどうか、他の学業に支障がないか等の点について検討をおこなう。
・面談と実施報告書提出は原則として活動終了後１ヶ月以内におこなうこと。
・本科目は【当該学科】の卒業要件を満たすための単位にはならないので注意すること。
--------------------------------------------------
【質問,相談への対応】
--------------------------------------------------
指導教員、学務委員が行う。
メール等にて随時受け付ける。教員室を訪ねる場合は、事前にアポイントメントをとること。
--------------------------------------------------
【その他】
--------------------------------------------------
詳細は学年ガイダンスにて説明する。
--------------------------------------------------
【教科書】
--------------------------------------------------
特に指定しない。
--------------------------------------------------
【参考書】
--------------------------------------------------
特に指定しない。
--------------------------------------------------
【授業で学べる「テーマ」】
--------------------------------------------------
地域運営,芸術文化,環境共生,多文化協働,健康長寿,防災減災,キャリア
--------------------------------------------------
【全学横断特別教育プログラム】
--------------------------------------------------

--------------------------------------------------
【添付ファイル】
--------------------------------------------------
なし
"
農学部,,国際共修プログラムA,https://campus-3.shinshu-u.ac.jp/syllabusj/Text?NENDO=2026&BUKYOKU=A&CODE=A2510300,"--------------------------------------------------
【授業科目】
--------------------------------------------------
国際共修プログラムA
--------------------------------------------------
【英文授業名】
--------------------------------------------------
Collaborative Online International Learning A
--------------------------------------------------
【担当教員】
--------------------------------------------------
BAGOUDOU ABDEL FAWAZ 他
--------------------------------------------------
【】
--------------------------------------------------

--------------------------------------------------
【登録コード】
--------------------------------------------------
A2510300
--------------------------------------------------
【講義期間】
--------------------------------------------------
通年(集中)
--------------------------------------------------
【曜日・時限】
--------------------------------------------------
集中･不定期
--------------------------------------------------
【単位数】
--------------------------------------------------
2
--------------------------------------------------
【授業形態】
--------------------------------------------------
講義
--------------------------------------------------
【講義室】
--------------------------------------------------

--------------------------------------------------
【対象学生】
--------------------------------------------------
農学部生
--------------------------------------------------
【備考】
--------------------------------------------------

--------------------------------------------------
【市民開放授業】
--------------------------------------------------
否
--------------------------------------------------
【県内大学開放授業】
--------------------------------------------------
否
--------------------------------------------------
【信大コンピテンシー】
--------------------------------------------------
非該当
--------------------------------------------------
【授業の達成目標】
【授業で得られる「学位授与の方針」要素】
【【授業の達成目標】】
【対象学生】
--------------------------------------------------
【2022年度以前ｶﾘｷｭﾗﾑ対象】専門的な知識や研究能力を修得している
農学分野の諸問題に対して、専門的な情報を収集し、論理的に議論できるようになる。
２０２２Aカリ, ２０２１Aカリ, ２０２０Aカリ, ２０１９Aカリ
【2022年度以前ｶﾘｷｭﾗﾑ対象】地球的な広い国際的視野と同時に現実的な地域の視点に立って問題をとらえ解決する能力を修得している
農学分野の諸問題に対して、国際社会における多様な価値観を理解して、他者と協同して課題に取り組めるようになる。
２０２２Aカリ, ２０２１Aカリ, ２０２０Aカリ, ２０１９Aカリ
【2024年度以前ｶﾘｷｭﾗﾑ対象】専門的知識や研究能力を基礎として的確な情報を収集・理解し、発信できる能力を修得している。
農学分野の諸問題に対して、専門的な情報を収集し、論理的に議論できるようになる。
２０２６A３編（24A）, ２０２５A３編（23A）, ２０２４Aカリ, ２０２３Aカリ
【2024年度以前ｶﾘｷｭﾗﾑ対象】地球的な広い国際的視野と同時に現実的な地域の視点に立って様々な課題をとらえ、解決する能力を修得している。
農学分野の諸問題に対して、国際社会における多様な価値観を理解して、他者と協同して課題に取り組めるようになる。
２０２６A３編（24A）, ２０２５A３編（23A）, ２０２４Aカリ, ２０２３Aカリ
--------------------------------------------------
【授業の概要】
--------------------------------------------------
信州大学農学部と海外学術交流協定校の学生がWeb会議システムを通して参加する形態で授業を実施する。最初に、双方の大学の教員が、国内外の農林畜産業・食品産業・環境管理について概要を解説する。双方の学生が、それぞれの国の農林畜産業の生産・流通・消費などの持続的発展と課題について、グループごとに情報を収集し発表資料をPower Pointで作成する。Web会議システムを通して、双方の学生が英語で発表・質疑応答を行う。
--------------------------------------------------
【授業計画】
--------------------------------------------------
１．プログラムの選択と、海外協定大学
次の2つのプログラムから、一つを選択して授業に参加します。
A（食品・食料生産系）: Fawaz、諸白、片山
海外協定大学：インドネシア・ブラビジャヤ大学
B（森林・環境系）：城田
海外協定大学：ドイツ・ロッテンブルク林業大学
２．基本的な授業の進め方
（１）第１回目にガイダンスを実施し、２つのプログラムの概要を説明し、各自選択してもらいます。
（２）両プログラム共にオンライン会議システムで、海外協定校と接続し、双方の教員が授業を実施し、双方の学生が一緒に学びます。
（３）プログラムA（食品・食料生産系）、プログラムB（森林・環境系）で、複数のテーマに分けて、日本と海外協定校の国の現状や課題について学び合い、意見交換を行います。
（４）主な授業の内容は以下の通り。
・ガイダンスおよび自己紹介
・講義：日本の農業・畜産業・食品産業・林業・環境管理の発展と課題
＊協定大学も同じように、その国の農林畜産業について学びます（英語＋日本語）
・グループワーク：日本の畜産の発展と課題につて情報収集・プレゼン準備
　＊少人数のグループに分かれ、グループごとにテーマを決めて、英語と日本語で文献を調べ、英語でプレゼン準備を行います。
・英語でのプレゼンテーションスキルの向上
　＊実際に英語でのプレゼン練習や、質疑応答を想定した練習をします。
・協定校と双方向でのプレゼンテーションの実施および質疑応答
　＊オンライン会議システムで協定校とつなぎ、双方向でグループごとにプレゼンを実施し、質疑応答や意見交換を行います。
・最後に、まとめのセッションで感想や意見を伝え合います。
・課題として、テーマごとにレポートを作成し、提出を課します。
--------------------------------------------------
【自主学習の指針】
--------------------------------------------------
Students are recommended to read articles related to the lecture content.
関連する文献（日本語・英語）を読み情報を収集するとともに、それぞれの分野で必要な
科学英語および英語での文章作成・プレゼン力を向上させて下さい。
--------------------------------------------------
【成績評価の基準】
--------------------------------------------------
Student will get credits for this lecture when they get score of over 60 point for reports that
measure scientific English skills.

プレゼンテーションおよびレポートで６０点を取れば可とする。
60 points or more: It reaches the lowest level.
70 points or more: level reached.
80 points or more: Excellent.
90 points or more: Excellent in particular.
60点以上：最低の水準に達している。
70点以上：水準に達している。
80点以上：優れている。
90点以上：特に秀でている。
--------------------------------------------------
【事前事後学習の内容】
--------------------------------------------------
Students are encouraged to learn basic English grammar and words in advance.
原則、英語レベルは問わないため、事前に英語学習に励むことを推奨する。
--------------------------------------------------
【テストやレポートの予定】
--------------------------------------------------
Students are requested to submit a report to each lecture.
各セッションごとにレポートを課す（実施するテーマごと）。
--------------------------------------------------
【成績評価の方法】
--------------------------------------------------
Students will be evaluated comprehensively by averaging scores of each report.
各セッションでのプレゼンテーション力、レポートの評価点を平均して総合的に評価する
。
--------------------------------------------------
【質問、相談への対応および連絡先】
--------------------------------------------------
BAGOUDOU Abdel Fawaz : fawaz@shinshu-u.ac.jp

--------------------------------------------------
【履修上の注意】
--------------------------------------------------
Students are encouraged to acquire a certain level of English skills and scientific English words in advance. 
ある程度の英語力および科学系単語を身につけておくことが好ましい。
--------------------------------------------------
【教科書】
--------------------------------------------------
None specified.
特に指定しない。
--------------------------------------------------
【参考書】
--------------------------------------------------
None specified.
特に指定しない。
--------------------------------------------------
【授業で学べる「テーマ」】
--------------------------------------------------
その他
--------------------------------------------------
【全学横断特別教育プログラム】
--------------------------------------------------

--------------------------------------------------
【添付ファイル】
--------------------------------------------------
なし
"
農学部,,国際共修プログラムB,https://campus-3.shinshu-u.ac.jp/syllabusj/Text?NENDO=2026&BUKYOKU=A&CODE=A2511300,"--------------------------------------------------
【授業科目】
--------------------------------------------------
国際共修プログラムB
--------------------------------------------------
【英文授業名】
--------------------------------------------------
Collaborative Online International Lectures B
--------------------------------------------------
【担当教員】
--------------------------------------------------
城田　徹央 他
--------------------------------------------------
【】
--------------------------------------------------

--------------------------------------------------
【登録コード】
--------------------------------------------------
A2511300
--------------------------------------------------
【講義期間】
--------------------------------------------------
通年(集中)
--------------------------------------------------
【曜日・時限】
--------------------------------------------------
集中･不定期
--------------------------------------------------
【単位数】
--------------------------------------------------
2
--------------------------------------------------
【授業形態】
--------------------------------------------------
講義
--------------------------------------------------
【講義室】
--------------------------------------------------

--------------------------------------------------
【対象学生】
--------------------------------------------------
森林・環境共生学コース３年生
--------------------------------------------------
【備考】
--------------------------------------------------
副専攻プログラムで森林・環境共生学コースを選択している３年生も受講可
--------------------------------------------------
【市民開放授業】
--------------------------------------------------
否
--------------------------------------------------
【県内大学開放授業】
--------------------------------------------------
否
--------------------------------------------------
【信大コンピテンシー】
--------------------------------------------------
該当
--------------------------------------------------
【授業の達成目標】
【授業で得られる「学位授与の方針」要素】
【【授業の達成目標】】
【対象学生】
--------------------------------------------------
【2022年度以前ｶﾘｷｭﾗﾑ対象】専門的な知識や研究能力を修得している
国際的に発信できる国内の専門的な知識を有する。
２０２２Aカリ, ２０２１Aカリ, ２０２０Aカリ, ２０１９Aカリ
【2022年度以前ｶﾘｷｭﾗﾑ対象】地球的な広い国際的視野と同時に現実的な地域の視点に立って問題をとらえ解決する能力を修得している
国内地域の専門的な知識を有し、総合的な視点から整理して問題点を抽出し、国際的な場で発信できる。
２０２２Aカリ, ２０２１Aカリ, ２０２０Aカリ, ２０１９Aカリ
【2024年度以前ｶﾘｷｭﾗﾑ対象】専門的知識や研究能力を基礎として的確な情報を収集・理解し、発信できる能力を修得している。
国内地域の専門的な知識を有し、総合的な視点から整理して問題点を抽出し、国際的な場で発信できる。
２０２６A３編（24A）, ２０２５A３編（23A）, ２０２４Aカリ, ２０２３Aカリ
【2024年度以前ｶﾘｷｭﾗﾑ対象】地球的な広い国際的視野と同時に現実的な地域の視点に立って様々な課題をとらえ、解決する能力を修得している。
国内地域の専門的な知識を有し、総合的な視点から整理して問題点を抽出し、国際的な場で発信できる。さらに議論を通じて異文化相互理解を進めることができる。
２０２６A３編（24A）, ２０２５A３編（23A）, ２０２４Aカリ, ２０２３Aカリ
--------------------------------------------------
【授業の概要】
--------------------------------------------------
This course is an online lecture in collaboration with the Rottenburg University of Forestry in Germany. Before creating presentations, students will be involved in field surveys, interview surveys, and literature reviews. Participants are expected to possess a global perspective along with a local focus.
信州大学農学部と海外学術交流協定校の学生がWeb会議システムを通して参加する国際PBL型(Project Based Learnig型)の講義形態で授業を実施する。最初に、双方の大学の教員が、国内外の農林畜産業や経営管理について概要を解説し、本講義の課題を設定する。双方の学生が、それぞれの国の農林畜産業の生産・管理・流通・消費などの持続的発展と課題を踏まえて、グループごとに情報を収集し発表資料をPower Pointで作成する。Web会議システムを通して、双方の学生が英語で発表・質疑応答を行う。

--------------------------------------------------
【授業計画】
--------------------------------------------------
Online lectures with Rottenburg University, Germany, will be conducted monthly from October to January. Students are required to deliver at least one presentation during these four online sessions. The preparation for presentations typically takes approximately one to two months. Students are expected to create presentation files based on field surveys, interviews, or literature reviews. The presentations, conducted in English, will include both the presentation itself and a question-and-answer session.

１．海外協定大学
ドイツ・ロッテンブルク林業大学

２．基本的な授業の進め方
・第１回目にガイダンスを実施しプログラムの概要を説明します。
・ガイダンスおよび自己紹介
・講義：日本の森林管理・環境管理の発展と課題
　＊協定大学も同じように、その国の森林管理・環境管理について学びます（英語＋日本語）
・グループワーク：日本の森林の発展と課題につて情報収集・プレゼン準備
　＊少人数のグループに分かれ、グループごとにテーマを決めて、英語と日本語で文献を
調べ、英語でプレゼン準備を行います。
・英語でのプレゼンテーションスキルの向上
　＊実際に英語でのプレゼン練習や、質疑応答を想定した練習をします。
・協定校と双方向でのプレゼンテーションの実施および質疑応答
　＊オンライン会議システムで協定校とつなぎ、双方向でグループごとにプレゼンを実施
し、質疑応答や意見交換を行います。
・最後に、まとめのセッションで感想や意見を伝え合います。
・課題として、テーマごとにレポートを作成し、提出を課します。
・また，最後のオンラインミーティングの後，アンケートを実施します。
--------------------------------------------------
【自主学習の指針】
--------------------------------------------------
Students are recommended to read articles related to the lecture content. 
関連する文献（日本語・英語）を読み情報を収集するとともに、それぞれの分野で必要な科学英語および英語での文章作成・プレゼン力を向上させて下さい。

調査，プレゼン作成は各グループで実施します。
--------------------------------------------------
【成績評価の基準】
--------------------------------------------------
The student will get credits for this lecture when they get a score of over 60 points for reports that measure scientific English skills.
プレゼンテーションおよびレポートで６０点を取れば可とする。ただしオンラインミーティングの3/4に出席できない場合、プレゼンテーション作成に積極的に参加しない場合には単位を認定しない。
60 points or more: It reaches the lowest level. If you cannot attend 3/4 of the online meetings and do not actively participate in the presentation preparation, no credit will be awarded.
70 points or more: level reached.
80 points or more: Excellent.
90 points or more: Excellent in particular.
60点以上：最低の水準に達している。
70点以上：水準に達している。
80点以上：優れている。
90点以上：特に秀でている。

--------------------------------------------------
【事前事後学習の内容】
--------------------------------------------------
Students are encouraged to learn basic English grammar and words in advance. 
英語レベルは問わないため、事前に英語学習に励むことを推奨する。

--------------------------------------------------
【テストやレポートの予定】
--------------------------------------------------
Students are requested to submit a report to each lecture.
各セッションごとにレポートを課す（実施するテーマごと）。


--------------------------------------------------
【成績評価の方法】
--------------------------------------------------
Students will be evaluated comprehensively by averaging scores of each report.
各セッションでのプレゼンテーション力、レポートの評価点を平均して総合的に評価する。


--------------------------------------------------
【質問、相談への対応および連絡先】
--------------------------------------------------
Inquire each lecturer.
Class coordinator: 
Shirota Tetsuoh:shirota@shinshu-u.ac.jp, Hamano Mitsuru:hamano_m@shinshu-u.ac.jp, Yonekura Shinichi:yonekura@shinshu-u.ac.jp


担当教員に問い合わせること。
窓口となる教員：城田 shirota@shinshu-u.ac.jp

--------------------------------------------------
【履修上の注意】
--------------------------------------------------
Students are encouraged to acquire a certain level of English skills in advance. 
ある程度の英語力を身につけておくことが好ましい。

Also, prior research, presentation creation, and presentation delivery are predominantly based on group work. Active participation from each member is strongly required.If a lack of proactiveness is observed, the evaluation will be lowered, or credits may not be granted.
また事前調査，プレゼン作成，プレゼン発表はグループワークを基調とする。一定の積極性を以てそれぞれに参加することが強く要求される。積極性が認められない場合，評価が低くなるか，あるいは単位が与えられない。

Unlike the basic Collaborative Online International Learning (COIL) courses, this program focuses on specialized themes (e.g., Contemporary Satoyama Management in 2022, Ecosystem Services Payments in 2023, Forest Education for Sustainable Development). Therefore, having acquired credits in foundational and applied subjects related to forestry science is desirable. 
積極的・能動的な参加態度が最も重要である。基礎的なCOILと異なり，専門的なテーマを取り扱う（2022年度は現代の里山管理，2023年度は生態系サ ービスへの支払い，2024年度は持続的開発のための森林教育）。そのため森林科学に関する基礎科目，応用科目の単位を修得していることが求められる。

This course assumes basic forest science knowledge; therefore, it is generally intended for third-year students in the Forest Course. However, students from other courses who have chosen the Forest Course as a minor and have obtained sufficient credits may be allowed to participate. In such cases, communication will be conducted via email, and a meeting may be arranged before registration if necessary.
本科目は森林科学に関する基本的な知識を前提としているため，原則，森林コース３年生を対象にしている。ただし，副専攻プログラムで森林コースを選択しており，かつ十分な単位を修得している他コース３年生の参加を認めることがある。この場合，メールによるやり取りを行い，必要に応じて履修登録の前に面談を行う。

--------------------------------------------------
【教科書】
--------------------------------------------------
None specified.

特に指定しない。

--------------------------------------------------
【参考書】
--------------------------------------------------
None specified.

特に指定しない。

--------------------------------------------------
【授業で学べる「テーマ」】
--------------------------------------------------
その他
--------------------------------------------------
【全学横断特別教育プログラム】
--------------------------------------------------

--------------------------------------------------
【添付ファイル】
--------------------------------------------------
なし
"
農学部,,海外農学実習,https://campus-3.shinshu-u.ac.jp/syllabusj/Text?NENDO=2026&BUKYOKU=A&CODE=A2540300,"--------------------------------------------------
【授業科目】
--------------------------------------------------
海外農学実習
--------------------------------------------------
【英文授業名】
--------------------------------------------------
International Agricultural Experience
--------------------------------------------------
【担当教員】
--------------------------------------------------
片山　茂
--------------------------------------------------
【】
--------------------------------------------------
BAGOUDOU ABDEL FAWAZ
--------------------------------------------------
【登録コード】
--------------------------------------------------
A2540300
--------------------------------------------------
【講義期間】
--------------------------------------------------
通年(集中)
--------------------------------------------------
【曜日・時限】
--------------------------------------------------
集中･不定期
--------------------------------------------------
【単位数】
--------------------------------------------------
2
--------------------------------------------------
【授業形態】
--------------------------------------------------
実習
--------------------------------------------------
【講義室】
--------------------------------------------------

--------------------------------------------------
【対象学生】
--------------------------------------------------
農学部2～4年生
--------------------------------------------------
【備考】
--------------------------------------------------

--------------------------------------------------
【市民開放授業】
--------------------------------------------------
否
--------------------------------------------------
【県内大学開放授業】
--------------------------------------------------
否
--------------------------------------------------
【信大コンピテンシー】
--------------------------------------------------
非該当
--------------------------------------------------
【授業の達成目標】
【授業で得られる「学位授与の方針」要素】
【【授業の達成目標】】
【対象学生】
--------------------------------------------------
【2022年度以前ｶﾘｷｭﾗﾑ対象】専門的な知識や研究能力を修得している
海外の現場において必要な農学の専門的知識を収集し、効果的に活用できるようになる。
２０２２Aカリ, ２０２１Aカリ, ２０２０Aカリ, ２０１９Aカリ
【2022年度以前ｶﾘｷｭﾗﾑ対象】地球的な広い国際的視野と同時に現実的な地域の視点に立って問題をとらえ解決する能力を修得している
海外の現場において、農学の専門知識と技術を活かし、課題解決に取り組めるようになる。
２０２２Aカリ, ２０２１Aカリ, ２０２０Aカリ, ２０１９Aカリ
【2024年度以前ｶﾘｷｭﾗﾑ対象】専門的知識や研究能力を基礎として的確な情報を収集・理解し、発信できる能力を修得している。
海外の現場において必要な農学の専門的知識を収集し、効果的に活用できるようになる。
２０２６A３編（24A）, ２０２５A３編（23A）, ２０２４Aカリ, ２０２３Aカリ
【2024年度以前ｶﾘｷｭﾗﾑ対象】地球的な広い国際的視野と同時に現実的な地域の視点に立って様々な課題をとらえ、解決する能力を修得している。
海外の現場において、農学の専門知識と技術を活かし、課題解決に取り組めるようになる。
２０２６A３編（24A）, ２０２５A３編（23A）, ２０２４Aカリ, ２０２３Aカリ
--------------------------------------------------
【授業の概要】
--------------------------------------------------
本実習では、海外協定校と連携し、数週間の海外プログラムを実施します。例えば、ドイツのロッテンブルグ林業大学における林業研修や、アメリカのカリフォルニア州立大学チコ校における農業関連研修などがあります。学期のはじめに海外農学実習の計画を公表し、参加者を募集します。
※実施プログラムおよび実施先は海外協定校との協議により毎年度決定するため、実施内容は年度によって異なります。詳細は掲示およびeALPS等で随時周知します。
--------------------------------------------------
【授業計画】
--------------------------------------------------
ロッテンブルグ林業大学校での研修では、造林から搬出、木材利用に関する講義、野生鳥獣管理・利用に関する講義、演習林の視察等を行います。ドイツ南部地域では、州および地域の森林官からのレクチャー、実際の木材生産現場での傾斜地における機械化作業、天然更新、択伐管理、都市近郊林、連邦森林庁の森林教育施設など，シュヴァルツヴァルトを中心に視察を行います。欧州各国から集まるロッテンブルグ林業大学の学生との交流も実施します。

カリフォルニア州立大学チコ校での研修では、農業・食品分野の講義への参加に加え、大学附属農場（畜産・作物・有機農業等）や農産加工施設、環境・農業関連機関の視察を行います。また、現地学生との交流授業、グループ発表、レポート作成等を通して、北カリフォルニアの農業システムと食料・環境問題について実践的に学修します。
--------------------------------------------------
【自主学習の指針】
--------------------------------------------------
海外で円滑な意思疎通ができるよう、事前に英語の学習を行っておくこと。
--------------------------------------------------
【成績評価の基準】
--------------------------------------------------
評定については次の評価基準を基本とします。
秀： 授業の達成目標水準から見て卓越しいる
優： 授業の達成目標水準よりかなり上にある
良： 授業の達成目標水準よりやや上にある
可： 授業の達成目標水準にある
不可（ 不可（D）： 授業の達成目標水準よりやや下にある
不可（ 不可（F）： 授業の達成目標水準にない
--------------------------------------------------
【事前事後学習の内容】
--------------------------------------------------
1. 各実習プログラムにおけるガイダンスおよび事前・事後学習に参加し、その中で課される課題に取り組むこと
2. 「信州農学概論」や「国際共修プログラム」等のグローバル系科目を積極的に受講すること

--------------------------------------------------
【テストやレポートの予定】
--------------------------------------------------
研修中の調査結果等については，個人またはグループで取りまとめ，レポートとして提出する。また，帰国後，学内においてオープン形式の報告会を実施し，その場で成果発表を行う。
--------------------------------------------------
【成績評価の方法】
--------------------------------------------------
研修中の行動，レポートおよびプレゼンテーションにより総合的に評価し、
90点以上を秀、80～89点を優、70～79点を良、60～69点を可、59点以下を不可とします。
--------------------------------------------------
【質問、相談への対応および連絡先】
--------------------------------------------------
プログラムの詳細は決定次第公表します。質問や相談は、下記の窓口教員または事務（学務グループ・国際交流担当）まで随時問い合わせてください。

窓口教員：FAWAZ BAGOUDOU ABDEL
E-mail：fawaz@shinshu-u.ac.jp 

事務：学務グループ（国際交流担当）
--------------------------------------------------
【履修上の注意】
--------------------------------------------------
原則、参加に要する費用（プログラム参加費、渡航費、宿泊費等)は、参加者本人の実費負担となります。ただし、大学の支援制度により、一部が補助される場合があります。

履修にあたっては、以下の条件を満たすこと。

1. 有効なパスポートを取得すること。
2. 必要な予防接種を摂取すること。
3. 海外旅行保険に加入すること。
4. 薬や食品等にアレルギーがある場合は、事前に報告･相談すること。　
5. 保護者および指導教員の承認を得ること。
6. 海外渡航届をeALPSから申請すること。

※募集人数に上限があります（参加希望者が募集人数を超えた場合は、成績および応募申請書を総合的に判断し、場合によっては面接を実施します）。
※応募者数が最小実施人数に満たない場合は、プログラムの実施を見送ることがあります。
--------------------------------------------------
【教科書】
--------------------------------------------------
なし
--------------------------------------------------
【参考書】
--------------------------------------------------
訪問国の農業・社会・文化に関する資料等を事前に調べておくことが望ましい。
--------------------------------------------------
【授業で学べる「テーマ」】
--------------------------------------------------
その他
--------------------------------------------------
【全学横断特別教育プログラム】
--------------------------------------------------

--------------------------------------------------
【添付ファイル】
--------------------------------------------------
なし
"
全学教育機構,,学術リテラシー,https://campus-3.shinshu-u.ac.jp/syllabusj/Text?NENDO=2026&BUKYOKU=G&CODE=G0A10001,"--------------------------------------------------
【授業題目】
--------------------------------------------------
学術リテラシー
--------------------------------------------------
【英文授業名】
--------------------------------------------------
Academic Literacy
--------------------------------------------------
【担当教員】
--------------------------------------------------
豊岡　康史
--------------------------------------------------
【　】
--------------------------------------------------

--------------------------------------------------
【時間割コード】
--------------------------------------------------
G0A10001
--------------------------------------------------
【講義期間】
--------------------------------------------------
前期
--------------------------------------------------
【曜日・時限】
--------------------------------------------------
木曜･１時限
--------------------------------------------------
【単位数】
--------------------------------------------------
1
--------------------------------------------------
【授業形態】
--------------------------------------------------
講義
--------------------------------------------------
【講義室】
--------------------------------------------------
共通教育２８講義室
--------------------------------------------------
【対象学生】
--------------------------------------------------
全
--------------------------------------------------
【備考】
--------------------------------------------------

--------------------------------------------------
【市民開放授業】
--------------------------------------------------
否
--------------------------------------------------
【県内大学開放授業】
--------------------------------------------------
否
--------------------------------------------------
【信大コンピテンシー】
--------------------------------------------------
該当
--------------------------------------------------
【授業の達成目標】
【授業で得られる「学位授与の方針」要素】
【【授業の達成目標】】
【対象学生】
--------------------------------------------------
的確に情報を収集し，理解し，発信する力
・大学での学びを充実させるための読解力や記述力を身につけ、学術的な探究ができるようになる。
・協働で学ぶことを通して、他者とのコミュニケーションがとれるようになる。
・新聞や本などを読むことを通して教養を深め、ICTなどを活用して適切に情報を収集し、整理分析・表現する情報活用能力を身につける。

大学ＤＰ
--------------------------------------------------
【授業の概要】
--------------------------------------------------
　この授業では、高等学校までの学びをベースに、新聞や書籍等を活用しつつ協働で学ぶことを通して、「思考・判断・表現に関わる基礎的・基本的なトレーニング」を行います。その作業を通して、大学での学びで必要とされる読解力や記述力、他者とのコミュニケーションのとり方、ICTを活用した情報処理力、情報を複数の視点から分析する力などを身につけます。
　また、この学びを通して、「教えてもらう学習・覚える学習・教師から評価してもらう学習」から、「自ら課題を発見し、自らの課題解決に向けて主体的・能動的に学び、学ぶ主体である学習者が成果を評価する学習」へと、学びの質の転換を図ります。

--------------------------------------------------
【授業のキーワード】
--------------------------------------------------
思考力
判断力
表現力
コミュニケーション能力
情報処理力

--------------------------------------------------
【授業計画】
--------------------------------------------------
第１回…心をほぐしてコミュニケーション能力を高める
第２回…新聞の記事を紹介する
第３回…新聞を読み比べてみる
第４回…プレゼンテーション資料を作成する
第５回…伝えること
第６回…パラグラフ・ライティングと引用の仕方
第７回…パラグラフ・ライティング基礎編
第８回…パラグラフ・ライティング応用編、授業アンケート

--------------------------------------------------
【成績評価の方法】
--------------------------------------------------
「毎回の課題の提出・コメント・振り返りへの取り組み態度（４割）」と「教員評価課題を含む学習活動の成果（６割）」で総合的に評価します。
※教員評価の対象となる課題は、第４回と第８回の提出物です。

--------------------------------------------------
【成績評価の基準】
--------------------------------------------------
「毎回の課題の提出・コメント・振り返りへの取り組み態度」（合計40点満点）と「教員による評価」（60点満点）を合計し、90点以上で「卓越している」、80点以上90点未満で「かなり上にある」、70点以上80点未満で「やや上にある」、60点以上70点未満で「合格水準にある」と評価します。
--------------------------------------------------
【事前事後学習の内容】
--------------------------------------------------
・eALPS上に事前事後学習の内容が示されるので、その指示に従って学習を進めてください。
・事後学習では、各授業後にeALPS上への成果物の提出、相互評価（学習者間でのコメント）、自己評価があります。それぞれの期限内にきちんと提出、グループ内での相互評価を必ず行なってください。
・新聞スクラップを行うので、新聞を毎日読んでください(複数紙に目を通すことが望ましい)。
・第8回の課題に向けて、以下の指定課題図書のうち1冊を読んでおいてください。

[指定課題図書]
・村上靖彦, 『客観性の落とし穴』（ちくまプリマー新書）, ISBN 9784480684523, <筑摩書房>, 2023年, 990円
・加藤喜之, 『福音派―終末論に引き裂かれるアメリカ社会』（中公新書）, ISBN 9784121028730, <中央公論新社>, 2025年, 1320円
・小林武彦, 『生物はなぜ死ぬのか』(講談社現代新書), ISBN 9784065232170, <講談社>, 2021年, 990円


※この授業は、30時間以上の時間外学習が必要となります。

--------------------------------------------------
【履修上の注意】
--------------------------------------------------
・毎回課題があるので、きちんと課題に取り組む必要があります。
・コミュニケーション能力を育成する観点から、毎回、4人程度のグループで活動します。この学習では、たくさんの人と知り合うことも授業の目的なので、グループのメンバーと協働の学習を展開するように心がけて活動に取り組んでください。
・学習者同士による相互評価について
相互評価は、学習者が相互に成果物を評価し合ってより良いものにしていく学びの協働作業です。各授業後に提出されたグループ内の他人の成果物に対して、評価の観点に基づきeALPS上で、プラス思考でチェックしたり助言したりする活動となります。
・自己評価について
各授業後には自己評価も行います。これは、自分のこれまでの学びの状況と、授業内の学びとの関連を総合的に点検し、次のステップに向けた自己課題を設定するために行うものです。

--------------------------------------------------
【質問,相談への対応】
--------------------------------------------------
eALPSの授業サイトのフォーラムやe-mail、授業の前後の時間などに適宜受け付けます。詳細は、初回の授業時に説明します。

e-mail: toyooka@shinshu-u.ac.jp

研究室は、人文棟5階EV正面にあります。

--------------------------------------------------
【授業への出席】
--------------------------------------------------
授業の目標達成のためには全ての回に出席することを前提とします。6回以上の出席が単位認定の前提となります。
--------------------------------------------------
【授業に出席できない場合の学修の補充】
--------------------------------------------------
「学修の補充の対象とする事由」により出席できない場合は、『共通教育履修案内』に掲載されている方法により補充を受けるための申請をおこなってください。
理由を問わず、出席回数が6回未満の場合は、授業の達成目標の到達に至る教育の質を担保することができないため、単位認定はできません。
ただし、学校保健安全法に基づく出席停止の場合は、1回分の出席をしたものとみなします。複数回もしくは長期間にわたる出席停止の場合は別途協議・対応します。
--------------------------------------------------
【教科書】
--------------------------------------------------
指定しない。
--------------------------------------------------
【参考書】
--------------------------------------------------
小山茂喜編著, 『新訂版 学術リテラシーハンドブック』, ISBN 9784761927110, 学事出版, 2021年, 1100円
その他、授業において適宜紹介します。参考書の購入は任意です。

--------------------------------------------------
【授業で学べる「テーマ」】
--------------------------------------------------
その他
--------------------------------------------------
【全学横断特別教育プログラム】
--------------------------------------------------

--------------------------------------------------
【添付ファイル】
--------------------------------------------------
なし
"
全学教育機構,,学術リテラシー,https://campus-3.shinshu-u.ac.jp/syllabusj/Text?NENDO=2026&BUKYOKU=G&CODE=G0A10002,"--------------------------------------------------
【授業題目】
--------------------------------------------------
学術リテラシー
--------------------------------------------------
【英文授業名】
--------------------------------------------------
Academic Literacy
--------------------------------------------------
【担当教員】
--------------------------------------------------
豊岡　康史
--------------------------------------------------
【　】
--------------------------------------------------

--------------------------------------------------
【時間割コード】
--------------------------------------------------
G0A10002
--------------------------------------------------
【講義期間】
--------------------------------------------------
前期
--------------------------------------------------
【曜日・時限】
--------------------------------------------------
木曜･１時限
--------------------------------------------------
【単位数】
--------------------------------------------------
1
--------------------------------------------------
【授業形態】
--------------------------------------------------
講義
--------------------------------------------------
【講義室】
--------------------------------------------------
共通教育２８講義室
--------------------------------------------------
【対象学生】
--------------------------------------------------
全
--------------------------------------------------
【備考】
--------------------------------------------------

--------------------------------------------------
【市民開放授業】
--------------------------------------------------
否
--------------------------------------------------
【県内大学開放授業】
--------------------------------------------------
否
--------------------------------------------------
【信大コンピテンシー】
--------------------------------------------------
該当
--------------------------------------------------
【授業の達成目標】
【授業で得られる「学位授与の方針」要素】
【【授業の達成目標】】
【対象学生】
--------------------------------------------------
的確に情報を収集し，理解し，発信する力
・大学での学びを充実させるための読解力や記述力を身につけ、学術的な探究ができるようになる。
・協働で学ぶことを通して、他者とのコミュニケーションがとれるようになる。
・新聞や本などを読むことを通して教養を深め、ICTなどを活用して適切に情報を収集し、整理分析・表現する情報活用能力を身につける。

大学ＤＰ
--------------------------------------------------
【授業の概要】
--------------------------------------------------
　この授業では、高等学校までの学びをベースに、新聞や書籍等を活用しつつ協働で学ぶことを通して、「思考・判断・表現に関わる基礎的・基本的なトレーニング」を行います。その作業を通して、大学での学びで必要とされる読解力や記述力、他者とのコミュニケーションのとり方、ICTを活用した情報処理力、情報を複数の視点から分析する力などを身につけます。
　また、この学びを通して、「教えてもらう学習・覚える学習・教師から評価してもらう学習」から、「自ら課題を発見し、自らの課題解決に向けて主体的・能動的に学び、学ぶ主体である学習者が成果を評価する学習」へと、学びの質の転換を図ります。

--------------------------------------------------
【授業のキーワード】
--------------------------------------------------
思考力
判断力
表現力
コミュニケーション能力
情報処理力

--------------------------------------------------
【授業計画】
--------------------------------------------------
第１回…心をほぐしてコミュニケーション能力を高める
第２回…新聞の記事を紹介する
第３回…新聞を読み比べてみる
第４回…プレゼンテーション資料を作成する
第５回…伝えること
第６回…パラグラフ・ライティングと引用の仕方
第７回…パラグラフ・ライティング基礎編
第８回…パラグラフ・ライティング応用編、授業アンケート

--------------------------------------------------
【成績評価の方法】
--------------------------------------------------
「毎回の課題の提出・コメント・振り返りへの取り組み態度（４割）」と「教員評価課題を含む学習活動の成果（６割）」で総合的に評価します。
※教員評価の対象となる課題は、第４回と第８回の提出物です。

--------------------------------------------------
【成績評価の基準】
--------------------------------------------------
「毎回の課題の提出・コメント・振り返りへの取り組み態度」（合計40点満点）と「教員による評価」（60点満点）を合計し、90点以上で「卓越している」、80点以上90点未満で「かなり上にある」、70点以上80点未満で「やや上にある」、60点以上70点未満で「合格水準にある」と評価します。
--------------------------------------------------
【事前事後学習の内容】
--------------------------------------------------
・eALPS上に事前事後学習の内容が示されるので、その指示に従って学習を進めてください。
・事後学習では、各授業後にeALPS上への成果物の提出、相互評価（学習者間でのコメント）、自己評価があります。それぞれの期限内にきちんと提出、グループ内での相互評価を必ず行なってください。
・新聞スクラップを行うので、新聞を毎日読んでください(複数紙に目を通すことが望ましい)。
・第8回の課題に向けて、以下の指定課題図書のうち1冊を読んでおいてください。

[指定課題図書]
・村上靖彦, 『客観性の落とし穴』（ちくまプリマー新書）, ISBN 9784480684523, <筑摩書房>, 2023年, 990円
・加藤喜之, 『福音派―終末論に引き裂かれるアメリカ社会』（中公新書）, ISBN 9784121028730, <中央公論新社>, 2025年, 1320円
・小林武彦, 『生物はなぜ死ぬのか』(講談社現代新書), ISBN 9784065232170, <講談社>, 2021年, 990円

※この授業は、30時間以上の時間外学習が必要となります。

--------------------------------------------------
【履修上の注意】
--------------------------------------------------
・毎回課題があるので、きちんと課題に取り組む必要があります。
・コミュニケーション能力を育成する観点から、毎回、4人程度のグループで活動します。この学習では、たくさんの人と知り合うことも授業の目的なので、グループのメンバーと協働の学習を展開するように心がけて活動に取り組んでください。
・学習者同士による相互評価について
相互評価は、学習者が相互に成果物を評価し合ってより良いものにしていく学びの協働作業です。各授業後に提出されたグループ内の他人の成果物に対して、評価の観点に基づきeALPS上で、プラス思考でチェックしたり助言したりする活動となります。
・自己評価について
各授業後には自己評価も行います。これは、自分のこれまでの学びの状況と、授業内の学びとの関連を総合的に点検し、次のステップに向けた自己課題を設定するために行うものです。

--------------------------------------------------
【質問,相談への対応】
--------------------------------------------------
eALPSの授業サイトのフォーラムやe-mail、授業の前後の時間などに適宜受け付けます。詳細は、初回の授業時に説明します。

e-mail: toyooka@shinshu-u.ac.jp

研究室は、人文棟5階EV前にあります。

--------------------------------------------------
【授業への出席】
--------------------------------------------------
授業の目標達成のためには全ての回に出席することを前提とします。6回以上の出席が単位認定の前提となります。
--------------------------------------------------
【授業に出席できない場合の学修の補充】
--------------------------------------------------
「学修の補充の対象とする事由」により出席できない場合は、『共通教育履修案内』に掲載されている方法により補充を受けるための申請をおこなってください。
理由を問わず、出席回数が6回未満の場合は、授業の達成目標の到達に至る教育の質を担保することができないため、単位認定はできません。
ただし、学校保健安全法に基づく出席停止の場合は、1回分の出席をしたものとみなします。複数回もしくは長期間にわたる出席停止の場合は別途協議・対応します。
--------------------------------------------------
【教科書】
--------------------------------------------------
指定しない。
--------------------------------------------------
【参考書】
--------------------------------------------------
小山茂喜編著, 『新訂版 学術リテラシーハンドブック』, ISBN 9784761927110, 学事出版, 2021年, 1100円
その他、授業において適宜紹介します。参考書の購入は任意です。

--------------------------------------------------
【授業で学べる「テーマ」】
--------------------------------------------------
その他
--------------------------------------------------
【全学横断特別教育プログラム】
--------------------------------------------------

--------------------------------------------------
【添付ファイル】
--------------------------------------------------
なし
"
全学教育機構,,学術リテラシー,https://campus-3.shinshu-u.ac.jp/syllabusj/Text?NENDO=2026&BUKYOKU=G&CODE=G0A10003,"--------------------------------------------------
【授業題目】
--------------------------------------------------
学術リテラシー
--------------------------------------------------
【英文授業名】
--------------------------------------------------
Academic Literacy
--------------------------------------------------
【担当教員】
--------------------------------------------------
関　良徳
--------------------------------------------------
【　】
--------------------------------------------------

--------------------------------------------------
【時間割コード】
--------------------------------------------------
G0A10003
--------------------------------------------------
【講義期間】
--------------------------------------------------
前期
--------------------------------------------------
【曜日・時限】
--------------------------------------------------
月曜･２時限
--------------------------------------------------
【単位数】
--------------------------------------------------
1
--------------------------------------------------
【授業形態】
--------------------------------------------------
講義
--------------------------------------------------
【講義室】
--------------------------------------------------
共通教育２８講義室
--------------------------------------------------
【対象学生】
--------------------------------------------------
全
--------------------------------------------------
【備考】
--------------------------------------------------

--------------------------------------------------
【市民開放授業】
--------------------------------------------------
否
--------------------------------------------------
【県内大学開放授業】
--------------------------------------------------
否
--------------------------------------------------
【信大コンピテンシー】
--------------------------------------------------
該当
--------------------------------------------------
【授業の達成目標】
【授業で得られる「学位授与の方針」要素】
【【授業の達成目標】】
【対象学生】
--------------------------------------------------
的確に情報を収集し，理解し，発信する力
・大学での学びを充実させるための読解力や記述力を身につけ、学術的な探究ができるようになる。
・協働で学ぶことを通して、他者とのコミュニケーションがとれるようになる。
・新聞や本などを読むことを通して教養を深め、ICTなどを活用して適切に情報を収集し、整理分析・表現する情報活用能力を身につける。

大学ＤＰ
--------------------------------------------------
【授業の概要】
--------------------------------------------------
　この授業では、高等学校までの学びをベースに、新聞や書籍等を活用しつつ協働で学ぶことを通して、「思考・判断・表現に関わる基礎的・基本的なトレーニング」を行います。その作業を通して、大学での学びで必要とされる読解力や記述力、他者とのコミュニケーションのとり方、ICTを活用した情報処理力、情報を複数の視点から分析する力などを身につけます。
　また、この学びを通して、「教えてもらう学習・覚える学習・教師から評価してもらう学習」から、「自ら課題を発見し、自らの課題解決に向けて主体的・能動的に学び、学ぶ主体である学習者が成果を評価する学習」へと、学びの質の転換を図ります。

--------------------------------------------------
【授業のキーワード】
--------------------------------------------------
思考力
判断力
表現力
コミュニケーション能力
情報処理力

--------------------------------------------------
【授業計画】
--------------------------------------------------
第１回…心をほぐしてコミュニケーション能力を高める
第２回…新聞の記事を紹介する
第３回…新聞を読み比べてみる
第４回…プレゼンテーション資料を作成する
第５回…伝えること
第６回…パラグラフ・ライティングと引用の仕方
第７回…パラグラフ・ライティング基礎編
第８回…パラグラフ・ライティング応用編、授業アンケート

--------------------------------------------------
【成績評価の方法】
--------------------------------------------------
「毎回の課題の提出・コメント・振り返りへの取り組み態度（４割）」と「教員評価課題を含む学習活動の成果（６割）」で総合的に評価します。
※教員評価の対象となる課題は、第４回と第８回の提出物です。

--------------------------------------------------
【成績評価の基準】
--------------------------------------------------
「毎回の課題の提出・コメント・振り返りへの取り組み態度」（合計40点満点）と「教員による評価」（60点満点）を合計し、90点以上で「卓越している」、80点以上90点未満で「かなり上にある」、70点以上80点未満で「やや上にある」、60点以上70点未満で「合格水準にある」と評価します。
--------------------------------------------------
【事前事後学習の内容】
--------------------------------------------------
・eALPS上に事前事後学習の内容が示されるので、その指示に従って学習を進めてください。
・事後学習では、各授業後にeALPS上への成果物の提出、相互評価（学習者間でのコメント）、自己評価があります。それぞれの期限内にきちんと提出、グループ内での相互評価を必ず行なってください。
・新聞スクラップを行うので、新聞を毎日読んでください(複数紙に目を通すことが望ましい)。
・第8回の課題に向けて、以下の指定課題図書のうち1冊を読んでおいてください。

[指定課題図書]
・<佐藤 卓己>, 『あいまいさに耐える　ネガティブ・リテラシーのすすめ』, ISBN 978-4004320265, <岩波新書>, 2024年, 1,012円
・<渡邉 雅子>, 『論理的思考とは何か』, ISBN 978-4004320364, <岩波新書>, 2024年, 1,012円

※この授業は、30時間以上の時間外学習が必要となります。

--------------------------------------------------
【履修上の注意】
--------------------------------------------------
・毎回課題があるので、きちんと課題に取り組む必要があります。
・コミュニケーション能力を育成する観点から、毎回、4人程度のグループで活動します。この学習では、たくさんの人と知り合うことも授業の目的なので、グループのメンバーと協働の学習を展開するように心がけて活動に取り組んでください。
・学習者同士による相互評価について
相互評価は、学習者が相互に成果物を評価し合ってより良いものにしていく学びの協働作業です。各授業後に提出されたグループ内の他人の成果物に対して、評価の観点に基づきeALPS上で、プラス思考でチェックしたり助言したりする活動となります。
・自己評価について
各授業後には自己評価も行います。これは、自分のこれまでの学びの状況と、授業内の学びとの関連を総合的に点検し、次のステップに向けた自己課題を設定するために行うものです。

--------------------------------------------------
【質問,相談への対応】
--------------------------------------------------
eALPSの授業サイトのフォーラムやe-mail、授業の前後の時間などに適宜受け付けます。詳細は、初回の授業時に説明します。

e-mail: yosseki@shinshu-u.ac.jp

研究室は、長野（教育学部）キャンパスにあります。

--------------------------------------------------
【授業への出席】
--------------------------------------------------
授業の目標達成のためには全ての回に出席することを前提とします。6回以上の出席が単位認定の前提となります。
--------------------------------------------------
【授業に出席できない場合の学修の補充】
--------------------------------------------------
「学修の補充の対象とする事由」により出席できない場合は、『共通教育履修案内』に掲載されている方法により補充を受けるための申請をおこなってください。
理由を問わず、出席回数が6回未満の場合は、授業の達成目標の到達に至る教育の質を担保することができないため、単位認定はできません。
ただし、学校保健安全法に基づく出席停止の場合は、1回分の出席をしたものとみなします。複数回もしくは長期間にわたる出席停止の場合は別途協議・対応します。
--------------------------------------------------
【教科書】
--------------------------------------------------
指定しない。
--------------------------------------------------
【参考書】
--------------------------------------------------
小山茂喜編著, 『新訂版 学術リテラシーハンドブック』, ISBN 9784761927110, 学事出版, 2021年, 1100円
その他、授業において適宜紹介します。参考書の購入は任意です。

--------------------------------------------------
【授業で学べる「テーマ」】
--------------------------------------------------
その他
--------------------------------------------------
【全学横断特別教育プログラム】
--------------------------------------------------

--------------------------------------------------
【添付ファイル】
--------------------------------------------------
なし
"
